-- phpMyAdmin SQL Dump
-- version 4.5.2
-- http://www.phpmyadmin.net
--
-- Host: localhost
-- Generation Time: Mar 22, 2016 at 06:11 PM
-- Server version: 10.1.9-MariaDB
-- PHP Version: 7.0.1

SET SQL_MODE = "NO_AUTO_VALUE_ON_ZERO";
SET time_zone = "+00:00";


/*!40101 SET @OLD_CHARACTER_SET_CLIENT=@@CHARACTER_SET_CLIENT */;
/*!40101 SET @OLD_CHARACTER_SET_RESULTS=@@CHARACTER_SET_RESULTS */;
/*!40101 SET @OLD_COLLATION_CONNECTION=@@COLLATION_CONNECTION */;
/*!40101 SET NAMES utf8mb4 */;

--
-- Database: `atton`
--

-- --------------------------------------------------------

--
-- Table structure for table `a2a`
--

CREATE TABLE `a2a` (
  `id` int(11) NOT NULL,
  `id_area1` int(11) NOT NULL,
  `id_area2` int(11) NOT NULL
) ENGINE=InnoDB DEFAULT CHARSET=utf8;

--
-- Dumping data for table `a2a`
--

INSERT INTO `a2a` (`id`, `id_area1`, `id_area2`) VALUES
(1, 1, 2),
(2, 1, 3),
(3, 1, 81),
(4, 2, 1),
(5, 2, 3),
(6, 2, 4),
(7, 2, 83),
(8, 3, 1),
(9, 3, 2),
(10, 3, 4),
(11, 3, 7),
(12, 3, 81),
(13, 4, 2),
(14, 4, 83),
(15, 4, 5),
(16, 4, 9),
(17, 4, 8),
(18, 4, 7),
(19, 4, 3),
(20, 5, 4),
(21, 5, 83),
(22, 5, 6),
(23, 5, 10),
(24, 5, 9),
(25, 6, 5),
(26, 6, 83),
(27, 6, 95),
(28, 6, 97),
(29, 6, 10),
(30, 7, 3),
(31, 7, 4),
(32, 7, 8),
(33, 7, 12),
(34, 7, 84),
(35, 7, 82),
(36, 7, 81),
(37, 8, 4),
(38, 8, 9),
(39, 8, 11),
(40, 8, 86),
(41, 8, 12),
(42, 8, 7),
(43, 9, 4),
(44, 9, 5),
(45, 9, 10),
(46, 9, 11),
(47, 9, 8),
(48, 10, 5),
(49, 10, 6),
(50, 10, 97),
(51, 10, 102),
(52, 10, 11),
(53, 10, 9),
(54, 11, 8),
(55, 11, 9),
(56, 11, 10),
(57, 11, 102),
(58, 11, 86),
(59, 12, 7),
(60, 12, 8),
(61, 12, 86),
(62, 12, 13),
(63, 12, 85),
(64, 12, 84),
(65, 13, 12),
(66, 13, 86),
(67, 13, 102),
(68, 13, 87),
(69, 13, 14),
(70, 13, 88),
(71, 13, 85),
(72, 14, 13),
(73, 14, 87),
(74, 14, 16),
(75, 14, 15),
(76, 14, 88),
(77, 15, 14),
(78, 15, 16),
(79, 15, 18),
(80, 15, 19),
(81, 15, 89),
(82, 15, 88),
(83, 16, 14),
(84, 16, 87),
(85, 16, 101),
(86, 16, 104),
(87, 16, 17),
(88, 16, 18),
(89, 16, 15),
(90, 17, 16),
(91, 17, 104),
(92, 17, 105),
(93, 17, 20),
(94, 17, 18),
(95, 18, 15),
(96, 18, 16),
(97, 18, 17),
(98, 18, 20),
(99, 18, 19),
(100, 19, 15),
(101, 19, 18),
(102, 19, 20),
(103, 19, 91),
(104, 19, 89),
(105, 20, 19),
(106, 20, 18),
(107, 20, 17),
(108, 20, 105),
(109, 20, 108),
(110, 20, 91),
(111, 21, 92),
(112, 21, 93),
(113, 21, 96),
(114, 21, 94),
(115, 22, 92),
(116, 22, 110),
(117, 22, 23),
(118, 22, 111),
(119, 22, 93),
(120, 23, 110),
(121, 23, 24),
(122, 23, 28),
(123, 23, 111),
(124, 23, 22),
(125, 24, 23),
(126, 24, 43),
(127, 24, 29),
(128, 24, 28),
(129, 25, 26),
(130, 25, 98),
(131, 25, 99),
(132, 25, 96),
(133, 25, 93),
(134, 26, 25),
(135, 26, 93),
(136, 26, 111),
(137, 26, 27),
(138, 26, 98),
(139, 27, 28),
(140, 27, 112),
(141, 27, 113),
(142, 27, 98),
(143, 27, 26),
(144, 27, 111),
(145, 28, 23),
(146, 28, 24),
(147, 28, 29),
(148, 28, 112),
(149, 28, 27),
(150, 28, 111),
(151, 29, 24),
(152, 29, 43),
(153, 29, 49),
(154, 29, 52),
(155, 29, 30),
(156, 29, 112),
(157, 29, 28),
(158, 30, 29),
(159, 30, 52),
(160, 30, 116),
(161, 30, 31),
(162, 30, 114),
(163, 30, 34),
(164, 30, 113),
(165, 30, 112),
(166, 31, 30),
(167, 31, 116),
(168, 31, 115),
(169, 31, 114),
(170, 32, 98),
(171, 32, 33),
(172, 32, 36),
(173, 32, 99),
(174, 33, 34),
(175, 33, 38),
(176, 33, 36),
(177, 33, 32),
(178, 33, 98),
(179, 33, 113),
(180, 34, 33),
(181, 34, 113),
(182, 34, 30),
(183, 34, 114),
(184, 34, 35),
(185, 34, 39),
(186, 34, 38),
(187, 35, 34),
(188, 35, 114),
(189, 35, 115),
(190, 35, 39),
(191, 36, 32),
(192, 36, 33),
(193, 36, 38),
(194, 36, 37),
(195, 36, 103),
(196, 36, 100),
(197, 36, 99),
(198, 37, 36),
(199, 37, 38),
(200, 37, 107),
(201, 37, 103),
(202, 38, 33),
(203, 38, 34),
(204, 38, 39),
(205, 38, 41),
(206, 38, 40),
(207, 38, 107),
(208, 38, 37),
(209, 38, 36),
(210, 39, 34),
(211, 39, 35),
(212, 39, 115),
(213, 39, 41),
(214, 39, 38),
(215, 40, 38),
(216, 40, 41),
(217, 40, 106),
(218, 40, 107),
(219, 41, 38),
(220, 41, 39),
(221, 41, 115),
(222, 41, 117),
(223, 41, 106),
(224, 41, 40),
(225, 42, 115),
(226, 42, 118),
(227, 42, 117),
(228, 43, 24),
(229, 43, 29),
(230, 43, 49),
(231, 43, 48),
(232, 43, 44),
(233, 44, 43),
(234, 44, 48),
(235, 44, 50),
(236, 44, 47),
(237, 44, 45),
(238, 45, 44),
(239, 45, 47),
(240, 45, 46),
(241, 45, 56),
(242, 46, 45),
(243, 46, 47),
(244, 46, 59),
(245, 46, 58),
(246, 46, 56),
(247, 47, 44),
(248, 47, 45),
(249, 47, 46),
(250, 47, 59),
(251, 47, 51),
(252, 47, 50),
(253, 48, 43),
(254, 48, 44),
(255, 48, 50),
(256, 48, 53),
(257, 48, 49),
(258, 49, 29),
(259, 49, 43),
(260, 49, 48),
(261, 49, 53),
(262, 49, 52),
(263, 50, 44),
(264, 50, 47),
(265, 50, 51),
(266, 50, 54),
(267, 50, 53),
(268, 50, 48),
(269, 51, 47),
(270, 51, 59),
(271, 51, 61),
(272, 51, 62),
(273, 51, 54),
(274, 51, 50),
(275, 52, 29),
(276, 52, 49),
(277, 52, 53),
(278, 52, 116),
(279, 52, 30),
(280, 53, 49),
(281, 53, 48),
(282, 53, 50),
(283, 53, 54),
(284, 53, 55),
(285, 53, 116),
(286, 53, 52),
(287, 54, 50),
(288, 54, 51),
(289, 54, 62),
(290, 54, 63),
(291, 54, 55),
(292, 54, 53),
(293, 55, 53),
(294, 55, 54),
(295, 55, 63),
(296, 55, 121),
(297, 55, 120),
(298, 55, 116),
(299, 56, 45),
(300, 56, 46),
(301, 56, 58),
(302, 56, 127),
(303, 56, 57),
(304, 57, 56),
(305, 57, 127),
(306, 58, 46),
(307, 58, 56),
(308, 58, 127),
(309, 58, 131),
(310, 58, 59),
(311, 59, 46),
(312, 59, 58),
(313, 59, 131),
(314, 59, 132),
(315, 59, 61),
(316, 59, 51),
(317, 59, 47),
(318, 60, 127),
(319, 60, 130),
(320, 60, 132),
(321, 60, 131),
(322, 61, 51),
(323, 61, 59),
(324, 61, 132),
(325, 61, 133),
(326, 61, 62),
(327, 62, 51),
(328, 62, 61),
(329, 62, 133),
(330, 62, 123),
(331, 62, 63),
(332, 62, 54),
(333, 63, 54),
(334, 63, 62),
(335, 63, 123),
(336, 63, 124),
(337, 63, 121),
(338, 63, 55),
(339, 64, 130),
(340, 64, 134),
(341, 64, 133),
(342, 65, 123),
(343, 65, 133),
(344, 65, 136),
(345, 66, 133),
(346, 66, 134),
(347, 66, 135),
(348, 66, 136),
(349, 67, 124),
(350, 67, 123),
(351, 67, 136),
(352, 67, 137),
(353, 68, 136),
(354, 68, 138),
(355, 68, 137),
(356, 69, 136),
(357, 69, 135),
(358, 69, 142),
(359, 69, 138),
(360, 70, 122),
(361, 70, 121),
(362, 70, 124),
(363, 70, 137),
(364, 70, 125),
(365, 71, 125),
(366, 71, 137),
(367, 71, 72),
(368, 71, 74),
(369, 71, 73),
(370, 72, 71),
(371, 72, 137),
(372, 72, 138),
(373, 72, 140),
(374, 72, 74),
(375, 73, 125),
(376, 73, 71),
(377, 73, 74),
(378, 73, 139),
(379, 74, 73),
(380, 74, 71),
(381, 74, 72),
(382, 74, 140),
(383, 74, 139),
(384, 75, 140),
(385, 75, 142),
(386, 75, 141),
(387, 76, 127),
(388, 76, 128),
(389, 76, 81),
(390, 77, 128),
(391, 77, 129),
(392, 78, 128),
(393, 78, 82),
(394, 78, 84),
(395, 78, 129),
(396, 79, 134),
(397, 79, 143),
(398, 79, 135),
(399, 80, 135),
(400, 80, 143),
(401, 80, 142),
(402, 81, 1),
(403, 81, 3),
(404, 81, 7),
(405, 81, 82),
(406, 81, 128),
(407, 81, 76),
(408, 82, 81),
(409, 82, 7),
(410, 82, 84),
(411, 82, 78),
(412, 82, 128),
(413, 83, 2),
(414, 83, 4),
(415, 83, 5),
(416, 83, 6),
(417, 83, 95),
(418, 84, 7),
(419, 84, 12),
(420, 84, 85),
(421, 84, 143),
(422, 84, 78),
(423, 84, 82),
(424, 85, 12),
(425, 85, 13),
(426, 85, 88),
(427, 85, 143),
(428, 85, 84),
(429, 86, 8),
(430, 86, 11),
(431, 86, 102),
(433, 86, 13),
(434, 86, 12),
(435, 87, 13),
(436, 87, 102),
(437, 87, 101),
(438, 87, 16),
(439, 87, 14),
(440, 87, 88),
(441, 88, 85),
(442, 88, 13),
(443, 88, 87),
(444, 88, 14),
(445, 88, 15),
(446, 88, 89),
(447, 88, 90),
(448, 88, 142),
(449, 88, 143),
(450, 89, 15),
(451, 89, 19),
(452, 89, 91),
(453, 89, 90),
(454, 89, 88),
(455, 90, 88),
(456, 90, 89),
(457, 90, 91),
(458, 90, 141),
(459, 90, 142),
(460, 91, 89),
(461, 91, 19),
(462, 91, 20),
(463, 91, 108),
(464, 91, 90),
(465, 92, 110),
(466, 92, 22),
(467, 92, 93),
(468, 92, 21),
(469, 92, 94),
(470, 93, 92),
(471, 93, 22),
(472, 93, 111),
(473, 93, 26),
(474, 93, 25),
(475, 93, 96),
(476, 93, 21),
(477, 94, 92),
(478, 94, 21),
(479, 94, 96),
(480, 94, 95),
(481, 95, 94),
(482, 95, 96),
(483, 95, 97),
(484, 95, 6),
(485, 95, 83),
(486, 96, 94),
(487, 96, 21),
(488, 96, 93),
(489, 96, 25),
(490, 96, 99),
(491, 96, 97),
(492, 96, 95),
(493, 97, 95),
(494, 97, 96),
(495, 97, 99),
(496, 97, 102),
(497, 97, 10),
(498, 97, 6),
(499, 98, 25),
(500, 98, 26),
(501, 98, 27),
(502, 98, 113),
(503, 98, 33),
(504, 98, 32),
(505, 98, 99),
(506, 99, 96),
(507, 99, 25),
(508, 99, 98),
(509, 99, 32),
(510, 99, 36),
(511, 99, 100),
(512, 99, 101),
(513, 99, 102),
(514, 99, 97),
(515, 100, 99),
(516, 100, 36),
(517, 100, 103),
(518, 100, 104),
(519, 100, 101),
(520, 101, 102),
(521, 101, 99),
(522, 101, 100),
(523, 101, 104),
(524, 101, 16),
(525, 101, 87),
(526, 102, 97),
(527, 102, 99),
(528, 102, 101),
(529, 102, 87),
(530, 102, 13),
(531, 102, 86),
(532, 102, 11),
(533, 102, 10),
(534, 103, 36),
(535, 103, 37),
(536, 103, 107),
(537, 103, 104),
(538, 103, 100),
(539, 104, 100),
(540, 104, 103),
(541, 104, 107),
(542, 104, 105),
(543, 104, 17),
(544, 104, 16),
(545, 104, 101),
(546, 105, 104),
(547, 105, 107),
(548, 105, 106),
(549, 105, 109),
(550, 105, 108),
(551, 105, 20),
(552, 105, 17),
(553, 106, 107),
(554, 106, 40),
(555, 106, 41),
(556, 106, 117),
(557, 106, 109),
(558, 106, 105),
(559, 107, 37),
(560, 107, 38),
(561, 107, 40),
(562, 107, 106),
(563, 107, 105),
(564, 107, 104),
(565, 107, 103),
(566, 108, 105),
(567, 108, 109),
(568, 108, 91),
(569, 108, 20),
(570, 109, 108),
(571, 109, 105),
(572, 109, 106),
(573, 109, 117),
(574, 110, 92),
(575, 110, 22),
(576, 110, 23),
(577, 111, 93),
(578, 111, 22),
(579, 111, 23),
(580, 111, 28),
(581, 111, 27),
(582, 111, 26),
(583, 112, 27),
(584, 112, 28),
(585, 112, 29),
(586, 112, 30),
(587, 112, 113),
(588, 113, 112),
(589, 113, 30),
(590, 113, 114),
(591, 113, 34),
(592, 113, 33),
(593, 113, 98),
(594, 113, 27),
(595, 114, 113),
(596, 114, 30),
(597, 114, 31),
(598, 114, 115),
(599, 114, 35),
(600, 114, 34),
(601, 115, 114),
(602, 115, 31),
(603, 115, 116),
(604, 115, 120),
(605, 115, 118),
(606, 115, 42),
(607, 115, 117),
(608, 115, 41),
(609, 115, 39),
(610, 115, 35),
(611, 116, 31),
(612, 116, 30),
(613, 116, 52),
(614, 116, 53),
(615, 116, 55),
(616, 116, 120),
(617, 116, 115),
(618, 117, 109),
(619, 117, 106),
(620, 117, 41),
(621, 117, 115),
(622, 117, 42),
(623, 117, 118),
(624, 117, 119),
(625, 118, 115),
(626, 118, 120),
(627, 118, 122),
(628, 118, 126),
(629, 118, 119),
(630, 118, 117),
(631, 118, 42),
(632, 119, 117),
(633, 119, 118),
(634, 119, 126),
(635, 120, 115),
(636, 120, 116),
(637, 120, 55),
(638, 120, 121),
(639, 120, 122),
(640, 120, 118),
(641, 121, 120),
(642, 121, 55),
(643, 121, 63),
(644, 121, 124),
(645, 121, 70),
(646, 121, 122),
(647, 122, 120),
(648, 122, 121),
(649, 122, 70),
(650, 122, 125),
(651, 122, 126),
(652, 122, 118),
(653, 123, 63),
(654, 123, 62),
(655, 123, 133),
(656, 123, 65),
(657, 123, 136),
(658, 123, 67),
(659, 123, 124),
(660, 124, 63),
(661, 124, 123),
(662, 124, 67),
(663, 124, 137),
(664, 124, 70),
(665, 124, 121),
(666, 125, 122),
(667, 125, 70),
(668, 125, 137),
(669, 125, 71),
(670, 125, 73),
(671, 125, 139),
(672, 125, 126),
(673, 126, 119),
(674, 126, 118),
(675, 126, 122),
(676, 126, 125),
(677, 126, 139),
(678, 127, 56),
(679, 127, 57),
(680, 127, 76),
(681, 127, 128),
(682, 127, 130),
(683, 127, 60),
(684, 127, 131),
(685, 127, 58),
(686, 128, 127),
(687, 128, 76),
(688, 128, 81),
(689, 128, 82),
(690, 128, 78),
(691, 128, 129),
(692, 128, 77),
(693, 129, 130),
(694, 129, 128),
(695, 129, 77),
(696, 129, 78),
(697, 129, 84),
(698, 129, 143),
(699, 129, 134),
(700, 130, 132),
(701, 131, 60),
(706, 136, 133),
(707, 131, 59),
(708, 131, 58),
(709, 131, 127),
(711, 131, 132),
(712, 132, 61),
(713, 132, 59),
(714, 132, 131),
(715, 132, 60),
(716, 132, 130),
(717, 132, 133),
(718, 133, 61),
(719, 133, 132),
(720, 133, 130),
(721, 133, 64),
(722, 133, 134),
(723, 133, 66),
(724, 133, 136),
(725, 133, 65),
(726, 133, 123),
(727, 133, 62),
(728, 134, 133),
(729, 134, 64),
(730, 134, 130),
(731, 134, 129),
(732, 134, 143),
(733, 134, 79),
(734, 134, 135),
(735, 134, 66),
(736, 135, 134),
(737, 135, 79),
(738, 135, 143),
(739, 135, 80),
(740, 135, 142),
(741, 135, 69),
(742, 135, 136),
(743, 135, 66),
(744, 136, 66),
(745, 136, 135),
(746, 136, 69),
(747, 136, 138),
(748, 136, 68),
(749, 136, 137),
(750, 136, 67),
(751, 136, 123),
(752, 136, 65),
(754, 137, 67),
(755, 137, 136),
(756, 137, 68),
(757, 137, 138),
(758, 137, 72),
(759, 137, 71),
(760, 137, 125),
(761, 137, 70),
(762, 137, 124),
(763, 138, 136),
(764, 138, 69),
(765, 138, 142),
(766, 138, 140),
(767, 138, 72),
(768, 138, 137),
(769, 138, 68),
(770, 139, 126),
(771, 139, 125),
(772, 139, 73),
(773, 139, 74),
(774, 139, 140),
(775, 140, 139),
(776, 140, 74),
(777, 140, 72),
(778, 140, 138),
(779, 140, 142),
(780, 140, 75),
(781, 140, 141),
(782, 141, 140),
(783, 141, 75),
(784, 141, 142),
(785, 141, 90),
(786, 142, 141),
(787, 142, 75),
(788, 142, 140),
(789, 142, 138),
(790, 142, 69),
(791, 142, 135),
(792, 142, 80),
(793, 142, 143),
(794, 142, 88),
(795, 142, 90),
(796, 143, 142),
(797, 143, 80),
(798, 143, 135),
(799, 143, 79),
(800, 143, 134),
(801, 143, 129),
(802, 143, 84),
(803, 143, 85),
(804, 143, 88),
(805, 84, 129),
(806, 130, 60),
(807, 130, 64),
(808, 130, 127),
(809, 130, 129),
(810, 130, 133),
(811, 130, 134),
(812, 86, 87),
(813, 87, 86),
(814, 93, 94),
(815, 94, 93);

-- --------------------------------------------------------

--
-- Table structure for table `areas`
--

CREATE TABLE `areas` (
  `id` int(11) NOT NULL,
  `name` varchar(40) NOT NULL DEFAULT 'unnamed',
  `number` int(11) NOT NULL,
  `coords_small` varchar(400) NOT NULL,
  `x` int(11) NOT NULL DEFAULT '0',
  `y` int(11) NOT NULL DEFAULT '0',
  `x2` int(11) NOT NULL DEFAULT '0',
  `y2` int(11) NOT NULL DEFAULT '0',
  `xres` int(11) NOT NULL DEFAULT '0',
  `yres` int(11) NOT NULL DEFAULT '0',
  `height` int(11) NOT NULL DEFAULT '0',
  `width` int(11) NOT NULL DEFAULT '0',
  `tanksize` int(11) NOT NULL DEFAULT '0',
  `id_type` int(11) NOT NULL,
  `zone` int(11) NOT NULL DEFAULT '0',
  `economy` enum('poor','weak','normal','strong','none') NOT NULL DEFAULT 'none'
) ENGINE=InnoDB DEFAULT CHARSET=utf8;

--
-- Dumping data for table `areas`
--

INSERT INTO `areas` (`id`, `name`, `number`, `coords_small`, `x`, `y`, `x2`, `y2`, `xres`, `yres`, `height`, `width`, `tanksize`, `id_type`, `zone`, `economy`) VALUES
(1, 'Alaska', 1, '7,45,55,40,70,41,78,11,42,7', 8, 6, 0, 0, 27, 12, 42, 71, 0, 1, 1, 'poor'),
(2, 'Northwest Territories', 2, '71,41,79,12,122,4,165,8,145,29,178,25,142,54', 71, 5, 0, 0, 81, 20, 50, 106, 0, 1, 1, 'weak'),
(3, 'British Columbia', 3, '63,42,102,50,86,89,63,85', 58, 43, 0, 0, 63, 48, 46, 43, 0, 1, 1, 'normal'),
(4, 'Alberta', 4, '103,50,139,58,150,70,136,91,90,88', 90, 51, 0, 0, 102, 55, 40, 61, 0, 1, 1, 'weak'),
(5, 'Ontario', 5, '137,91,153,71,166,74,176,83,189,103,170,105', 137, 72, 0, 0, 148, 72, 34, 56, 0, 1, 1, 'normal'),
(6, 'Quebec', 6, '179,83,195,103,224,101,233,88,252,85,175,47', 176, 48, 0, 0, 185, 58, 57, 76, 0, 1, 1, 'normal'),
(7, 'The Western United States', 7, '61,91,89,92,85,137,96,151,64,144,52,114', 53, 90, 0, 0, 54, 94, 62, 44, 0, 1, 1, 'normal'),
(8, 'The Great Plains', 8, '93,91,124,94,119,136,130,162,122,170,87,137', 89, 92, 0, 0, 93, 96, 78, 42, 0, 1, 1, 'normal'),
(9, 'The Midwest', 9, '128,94,135,95,168,107,168,135,123,133', 124, 95, 0, 0, 130, 97, 40, 45, 0, 1, 1, 'strong'),
(10, 'New England', 10, '171,108,210,105,188,143,171,135', 170, 105, 0, 0, 173, 107, 37, 38, 0, 1, 1, 'strong'),
(11, 'The Old South', 11, '123,137,169,139,185,144,179,157,184,176,170,156,132,159', 123, 137, 0, 0, 130, 138, 38, 62, 0, 1, 1, 'strong'),
(12, 'Mexico', 12, '66,148,101,155,119,174,116,189,90,197,73,179', 64, 147, 0, 0, 73, 155, 52, 55, 0, 1, 1, 'weak'),
(13, 'Antilles-Panama', 13, '97,200,118,193,123,197,156,180,171,183,206,204,183,201,155,187,137,198,140,207,130,224,119,210', 97, 181, 0, 0, 118, 194, 43, 106, 0, 1, 1, 'weak'),
(14, 'Colombia', 14, '135,227,174,226,189,233,136,260,131,248,132,231', 131, 226, 0, 0, 143, 228, 37, 59, 0, 1, 2, 'poor'),
(15, 'Peru', 15, '129,251,147,307,139,313,111,289,114,257', 111, 250, 0, 0, 114, 258, 67, 39, 0, 1, 2, 'poor'),
(16, 'Amazonia', 16, '137,264,194,235,235,267,201,298,144,283', 138, 235, 0, 0, 158, 254, 64, 98, 0, 1, 2, 'poor'),
(17, 'Brazil', 17, '191,336,203,301,239,270,250,275,233,314,213,319,206,340', 190, 269, 0, 0, 211, 293, 74, 59, 0, 1, 2, 'weak'),
(18, 'Bolivia', 18, '145,287,198,301,188,334,151,308', 145, 288, 0, 0, 155, 291, 48, 56, 0, 1, 2, 'poor'),
(19, 'Chile', 19, '150,312,168,324,180,366,165,374,142,318', 144, 312, 0, 0, 148, 317, 64, 37, 0, 1, 2, 'poor'),
(20, 'Argentina', 20, '127,327,188,340,205,346,194,397,176,396,168,378,184,366', 166, 328, 0, 0, 181, 342, 71, 41, 0, 1, 2, 'weak'),
(21, 'Iceland-Great Britain', 21, '309,58,317,68,324,66,334,88,328,95,310,99,297,94,296,84,313,76,314,68,308,64,292,64,290,58,294,56', 290, 56, 0, 0, 303, 70, 43, 44, 0, 1, 3, 'strong'),
(22, 'Norway-Sweden', 22, '391,30,384,46,370,60,368,78,356,69,346,73,336,62,370,36', 336, 30, 0, 0, 351, 41, 51, 56, 0, 1, 3, 'strong'),
(23, 'Finland-Karelia', 23, '396,28,435,44,430,71,383,66', 381, 27, 0, 0, 396, 31, 45, 55, 0, 1, 3, 'normal'),
(24, 'Uralsk', 24, '432,73,440,44,448,26,464,23,453,30,489,40,482,96,445,88', 433, 40, 0, 0, 441, 44, 57, 55, 0, 1, 3, 'strong'),
(25, 'France-Spain', 25, '340,94,348,124,339,129,342,134,338,138,334,130,330,133,330,140,315,146,302,144,305,122,324,119,318,106', 300, 94, 0, 0, 314, 112, 54, 50, 0, 1, 3, 'strong'),
(26, 'Germany-Italy', 26, '342,90,350,86,347,78,352,76,356,86,374,84,384,135,371,149,365,144,376,138,360,127,356,139,354,138,352,123', 341, 76, 0, 0, 350, 91, 74, 42, 0, 1, 3, 'strong'),
(27, 'Poland-The Balkans', 27, '378,84,388,74,412,132,398,136,401,148,394,149,388,135', 378, 75, 0, 0, 380, 85, 73, 34, 0, 1, 3, 'normal'),
(28, 'Ukraine', 28, '389,69,430,75,442,90,426,110,426,116,419,116,418,110,411,118', 385, 69, 0, 0, 398, 72, 51, 58, 0, 1, 3, 'strong'),
(29, 'Caucasus', 29, '444,92,499,102,478,118,466,118,462,124,464,130,458,135,452,127,434,118', 429, 92, 0, 0, 443, 93, 44, 70, 0, 1, 3, 'normal'),
(30, 'Turkey-Syria', 30, '452,132,480,182,436,182,428,172,434,154,424,156,423,150,410,149,408,138,424,131', 408, 130, 0, 0, 434, 134, 54, 75, 0, 1, 3, 'weak'),
(31, 'Saudia Arabia', 31, '442,188,482,186,492,196,500,190,513,198,492,216,482,216,470,226', 441, 187, 0, 0, 458, 188, 40, 73, 0, 1, 5, 'weak'),
(32, 'Algeria', 32, '297,176,310,151,360,146,349,190', 298, 146, 0, 0, 310, 156, 46, 64, 0, 1, 4, 'weak'),
(33, 'Libya', 33, '357,161,391,171,392,162,401,166,396,204,352,192', 352, 161, 0, 0, 361, 167, 44, 50, 0, 1, 4, 'weak'),
(34, 'Egypt-Sudan', 34, '404,168,422,173,441,207,434,239,426,242,400,207', 399, 169, 0, 0, 406, 178, 73, 43, 0, 1, 4, 'weak'),
(35, 'Somaliland', 35, '444,210,465,234,480,239,463,272,436,241', 435, 211, 0, 0, 446, 226, 62, 47, 0, 1, 4, 'poor'),
(36, 'French West Africa', 36, '296,179,362,198,370,217,313,226,311,252,300,253,274,226,282,193', 274, 179, 0, 0, 290, 195, 76, 97, 0, 1, 4, 'poor'),
(37, 'Nigeria', 37, '316,230,372,220,380,240,360,264,352,253,314,253', 314, 221, 0, 0, 326, 228, 48, 67, 0, 1, 4, 'poor'),
(38, 'French Equatorial Africa', 38, '366,199,396,208,425,244,424,296,368,282,360,268,384,242', 357, 200, 0, 0, 386, 216, 97, 68, 0, 1, 4, 'poor'),
(39, 'Kenya', 39, '428,244,434,242,459,276,458,304,428,297', 428, 243, 0, 0, 433, 256, 63, 34, 0, 1, 4, 'poor'),
(40, 'Angola', 40, '369,286,412,296,378,343,368,320,374,304', 367, 285, 0, 0, 371, 290, 62, 47, 0, 1, 4, 'poor'),
(41, 'South Africa', 41, '416,298,458,308,459,316,440,326,440,340,421,366,388,374,380,348', 379, 298, 0, 0, 405, 320, 77, 81, 0, 1, 4, 'weak'),
(42, 'Madagascar', 42, '465,318,480,305,480,338,472,351,464,351,460,340,464,333', 460, 305, 0, 0, 469, 307, 47, 23, 0, 1, 4, 'poor'),
(43, 'Western Sibir', 43, '492,31,554,10,576,16,540,108,485,96', 485, 11, 0, 0, 500, 38, 98, 101, 0, 1, 5, 'normal'),
(44, 'Central Sibir', 44, '576,26,615,25,636,75,615,82,593,82,566,50', 566, 22, 0, 0, 579, 28, 61, 72, 0, 1, 5, 'weak'),
(45, 'Eastern Sibir', 45, '618,21,682,13,692,52,651,78,640,76', 614, 12, 0, 0, 632, 27, 66, 80, 0, 1, 5, 'weak'),
(46, 'Buryat', 46, '654,80,694,55,708,56,722,85,706,93', 655, 56, 0, 0, 685, 65, 38, 69, 0, 1, 5, 'weak'),
(47, 'Outer Mongolia', 47, '618,86,638,78,704,96,697,128,640,120', 617, 78, 0, 0, 632, 82, 50, 87, 0, 1, 5, 'poor'),
(48, 'Southern Sibir', 48, '565,52,590,85,581,152,542,110', 542, 51, 0, 0, 559, 71, 101, 50, 0, 1, 5, 'normal'),
(49, 'Kazakhstan', 49, '475,126,503,104,540,112,566,142,556,157,490,149', 475, 104, 0, 0, 497, 113, 54, 93, 0, 1, 5, 'normal'),
(50, 'Sinkiang', 50, '594,86,613,86,637,122,629,152,604,150,593,166,582,155', 582, 86, 0, 0, 596, 104, 81, 56, 0, 1, 5, 'poor'),
(51, 'West China', 51, '640,124,706,132,676,158,632,152', 632, 125, 0, 0, 645, 128, 34, 75, 0, 1, 5, 'poor'),
(52, 'Iran', 52, '460,138,464,134,478,156,486,152,554,160,533,191,506,190,500,180,494,184,480,168,476,168', 460, 133, 0, 0, 496, 154, 62, 96, 0, 1, 5, 'weak'),
(53, 'West India', 53, '538,190,569,149,599,178,574,216,566,208,562,215', 538, 145, 0, 0, 557, 166, 74, 62, 0, 1, 5, 'weak'),
(54, 'Tibet', 54, '594,169,605,154,674,160,672,190,602,178', 594, 154, 0, 0, 609, 154, 36, 81, 0, 1, 5, 'poor'),
(55, 'East India', 55, '576,220,602,180,655,190,650,204,632,209,610,252,622,271,614,274,607,260,598,260', 575, 181, 0, 0, 599, 192, 93, 81, 0, 1, 5, 'weak'),
(56, 'Yakut', 56, '688,10,750,14,764,54,739,54,696,52', 688, 8, 0, 0, 695, 14, 47, 78, 0, 1, 5, 'poor'),
(57, 'Koryak', 57, '754,13,826,20,828,29,799,45,784,48,799,73,792,85,776,70', 753, 12, 0, 0, 765, 16, 73, 73, 0, 1, 5, 'poor'),
(58, 'Vladivostock', 58, '711,56,737,58,734,70,749,67,768,85,768,90,758,82,762,99,761,111,755,111,725,84', 711, 57, 0, 0, 722, 58, 55, 62, 0, 1, 5, 'weak'),
(59, 'Manchukuo-Korea', 59, '707,96,724,88,750,110,749,127,762,136,755,146,739,128,730,132,700,128', 700, 88, 0, 0, 710, 98, 59, 62, 0, 1, 5, 'weak'),
(60, 'Japan', 60, '776,100,788,100,796,97,795,106,790,117,800,134,788,148,779,151,776,174,770,164,766,146,782,126', 767, 100, 0, 0, 781, 104, 72, 33, 0, 1, 7, 'normal'),
(61, 'East China', 61, '686,153,710,132,736,138,734,146,750,158,748,179,744,187', 686, 133, 0, 0, 705, 140, 54, 63, 0, 1, 5, 'weak'),
(62, 'South China', 62, '678,160,684,155,742,190,734,206,708,210,707,216,674,191', 675, 155, 0, 0, 680, 164, 62, 68, 0, 1, 5, 'weak'),
(63, 'South-East Asia', 63, '659,190,672,193,706,218,720,238,720,247,708,258,692,240,688,254,706,273,710,288,698,281,690,263,682,262,676,226,672,232,667,231,653,204', 654, 191, 0, 0, 662, 195, 99, 68, 0, 1, 5, 'poor'),
(64, 'Marianas Islands', 64, '804,188,811,197,817,198,822,210,827,211,826,214,823,214,819,230,817,228,816,222,819,218,814,203,808,202,802,191', 803, 190, 0, 0, 806, 194, 37, 25, 0, 1, 7, 'poor'),
(65, 'Philippine Islands', 65, '750,219,758,220,761,225,760,232,767,235,779,254,778,269,769,264,762,264,758,248,749,258,747,256,754,238,748,228', 747, 219, 0, 0, 748, 217, 51, 33, 0, 1, 7, 'poor'),
(66, 'Carolini Islands', 66, '808,242,846,244,876,256,875,258,849,257,822,254,808,250,800,255,798,253,799,249', 799, 240, 0, 0, 814, 237, 18, 79, 0, 1, 7, 'poor'),
(67, 'Dutch East Indies', 67, '726,283,738,272,747,268,754,268,752,276,760,280,779,276,782,278,781,285,764,307,758,304,758,288,753,288,744,304,732,300', 725, 266, 0, 0, 738, 265, 41, 60, 0, 1, 7, 'weak'),
(68, 'New Guinea', 68, '790,281,805,282,822,284,838,302,830,304,824,298,816,303,808,302,807,294,792,292', 782, 279, 0, 0, 794, 274, 27, 59, 0, 1, 7, 'poor'),
(69, 'Solomon Islands', 69, '836,276,872,291,886,300,891,308,889,308,886,304,876,302,860,297,837,282', 825, 274, 0, 0, 840, 271, 36, 68, 0, 1, 7, 'poor'),
(70, 'Indonesia', 70, '684,274,687,274,697,286,700,286,710,296,716,307,727,308,742,314,770,314,777,306,779,308,774,316,760,321,749,320,711,314,710,308,700,304,690,290', 681, 269, 0, 0, 693, 279, 54, 101, 0, 1, 7, 'weak'),
(71, 'Northern Territory', 71, '765,340,779,320,792,311,806,314,803,320,806,324,806,348,780,348', 765, 311, 0, 0, 779, 314, 38, 42, 0, 1, 6, 'weak'),
(72, 'Queensland', 72, '809,326,815,327,816,314,820,306,822,310,821,316,826,316,828,328,843,348,842,364,835,369,808,350', 808, 307, 0, 0, 814, 317, 62, 35, 0, 1, 6, 'normal'),
(73, 'Western Australia', 73, '762,342,778,350,772,377,753,388,746,386,748,378,744,368,746,352,750,346', 744, 342, 0, 0, 752, 343, 46, 33, 0, 1, 6, 'weak'),
(74, 'New South Wales', 74, '780,350,807,352,833,370,826,382,822,384,821,390,816,400,808,400,800,380,794,380,788,370,775,376', 776, 351, 0, 0, 785, 352, 49, 58, 0, 1, 6, 'normal'),
(75, 'New Zealand', 75, '894,348,910,358,909,360,865,398,856,398,856,394,894,359,892,348', 855, 348, 0, 0, 869, 365, 53, 56, 0, 1, 7, 'normal'),
(76, 'Aleutian Islands', 76, '813,70,838,63,918,20,938,1,944,1,923,22,898,36,864,55,834,68,814,72', 811, 1, 0, 0, 890, 30, 72, 153, 0, 1, 7, 'poor'),
(77, 'Midway Island', 77, '881,102,883,102,886,106,892,106,903,112,906,120,904,120,892,109,887,110,881,106', 881, 103, 0, 0, 889, 98, 28, 36, 0, 1, 7, 'poor'),
(78, 'Hawaii', 78, '933,138,951,146,962,155,952,164,950,154,934,143,931,138', 929, 138, 0, 0, 936, 133, 26, 33, 0, 1, 7, 'poor'),
(79, 'Marshall Islands', 79, '886,212,905,211,912,218,915,237,906,239,891,217,884,216,884,212', 883, 211, 0, 0, 899, 205, 29, 33, 0, 1, 7, 'poor'),
(80, 'Gilbert Islands', 80, '944,258,946,258,950,272,952,272,952,290,950,290,947,280,944,268', 944, 259, 0, 0, 948, 248, 32, 10, 0, 1, 7, 'poor'),
(81, 'Gulf of Alaska', 81, '1,18,27,17,10,28,10,37,2,42,3,55,17,52,30,42,46,43,56,48,55,65,59,82,48,108,1,96', 3, 42, 0, 0, 13, 61, 65, 56, 0, 2, 0, 'none'),
(82, 'Cape Mendocino', 82, '1,98,50,112,52,128,1,150', 3, 102, 0, 0, 957, 102, 45, 49, 0, 2, 0, 'none'),
(83, 'Hudson Bay', 83, '142,58,182,30,200,42,220,58,219,62,202,52,171,43,170,52,174,79,168,72', 144, 28, 0, 0, 167, 27, 51, 75, 0, 2, 0, 'none'),
(84, 'Gulf of California', 84, '1,153,56,130,68,179,1,179', 3, 132, 0, 0, 15, 146, 47, 63, 0, 2, 0, 'none'),
(85, 'Gulf of Tehuantepec', 85, '22,182,76,182,78,198,94,204,98,208,122,216,36,228,22,216', 24, 185, 0, 0, 30, 193, 40, 97, 0, 2, 0, 'none'),
(86, 'Gulf of Mexico', 86, '118,182,122,178,126,170,140,160,170,161,172,170,179,178,184,178,184,188,172,180,155,178,131,187,122,195', 119, 160, 0, 0, 132, 163, 32, 64, 0, 2, 0, 'none'),
(87, 'Caribbean Sea', 87, '138,200,152,188,193,208,208,208,210,200,217,200,202,239,198,233,174,223,146,222,140,226,134,217,142,212,142,203', 135, 190, 0, 0, 153, 195, 45, 75, 0, 2, 0, 'none'),
(88, 'Pacific Galapagos', 88, '22,220,36,230,122,220,132,243,110,258,107,276,110,294,22,296', 24, 222, 0, 0, 46, 248, 71, 107, 0, 2, 0, 'none'),
(89, 'Pacific San Felix', 89, '56,298,117,298,125,310,150,329,152,354,72,354', 60, 301, 0, 0, 80, 318, 52, 90, 0, 2, 0, 'none'),
(90, 'South Pacific Center', 90, '22,299,53,299,81,399,21,399', 24, 301, 0, 0, 24, 367, 96, 55, 0, 2, 0, 'none'),
(91, 'Cape Horn', 91, '72,358,156,358,176,399,84,399', 75, 359, 0, 0, 92, 371, 38, 97, 0, 2, 0, 'none'),
(92, 'Norwegian Sea', 92, '308,24,346,14,360,40,348,50,298,56,292,46,310,34', 296, 17, 0, 0, 300, 23, 38, 62, 0, 2, 0, 'none'),
(93, 'North Sea', 93, '312,57,337,54,334,64,346,84,338,89,318,102,311,100,334,88', 316, 58, 0, 0, 325, 69, 43, 29, 0, 2, 0, 'none'),
(94, 'Irish Sea', 94, '270,56,290,48,292,54,288,57, 291,65,304,66,312,60,315,65,309,70,312,77,296,84,295,88,272,96', 271, 54, 0, 0, 270, 64, 39, 41, 0, 2, 0, 'none'),
(95, 'Labrador Sea', 95, '240,52,246,53,248,61,254,64,266,57,270,96,261,116,232,92,240,88,254,88,252,80,246,74,232,66,222,62,224,60,230,64,235,60', 235, 56, 0, 0, 243, 57, 59, 33, 0, 2, 0, 'none'),
(96, 'Bay of Biscay', 96, '278,98,294,92,295,95,320,108,322,118,257,132', 261, 95, 0, 0, 271, 104, 35, 60, 0, 2, 0, 'none'),
(97, 'Gulf of Maine', 97, '218,100,224,104,232,95,260,119,241,161,196,126', 200, 98, 0, 0, 214, 117, 62, 58, 0, 2, 0, 'none'),
(98, 'Mediterranean Sea West', 98, '332,132,354,123,372,138,364,143,372,152,386,138,395,153,376,166,358,158,362,154,361,145,310,150,310,147,330,141', 314, 117, 0, 0, 336, 129, 46, 79, 0, 2, 0, 'none'),
(99, 'North Atlantic Canary', 99, '256,134,301,126,300,144,307,148,306,154,304,162,280,192,230,196', 233, 129, 0, 0, 257, 154, 64, 73, 0, 2, 0, 'none'),
(100, 'North Atlantic Cape Verde', 100, '254,196,280,194,272,225,282,239,252,250', 254, 197, 0, 0, 254, 210, 50, 24, 0, 2, 0, 'none'),
(101, 'North Atlantic Antilles', 101, '220,199,252,196,250,250,224,259,216,252,206,252,203,243', 205, 199, 0, 0, 216, 217, 60, 44, 0, 2, 0, 'none'),
(102, 'Sargasso Sea', 102, '198,132,240,166,226,196,198,198,186,190,186,174,180,155', 183, 136, 0, 0, 196, 159, 60, 54, 0, 2, 0, 'none'),
(103, 'Ivory Coast', 103, '266,248,284,242,287,246,302,256,335,250,338,252,313,300', 270, 244, 0, 0, 292, 258, 53, 65, 0, 2, 0, 'none'),
(104, 'South Atlantic Guiana', 104, '228,261,264,248,312,303,304,316,241,296,252,272', 235, 250, 0, 0, 253, 268, 65, 75, 0, 2, 0, 'none'),
(105, 'South Atlantic Rio de la Plata', 105, '240,297,302,320,275,370,196,366,204,358,210,342,208,337,216,322,236,316', 199, 301, 0, 0, 236, 328, 68, 102, 0, 2, 0, 'none'),
(106, 'South Atlantic Namib', 106, '298,334,368,326,384,366,385,374,279,370', 282, 328, 0, 0, 313, 339, 45, 101, 0, 2, 0, 'none'),
(107, 'Gulf of Guinea', 107, '341,255,344,257,354,256,356,260,354,264,356,276,365,284,370,302,366,322,300,331', 303, 259, 0, 0, 326, 292, 71, 65, 0, 2, 0, 'none'),
(108, 'South Atlantic Falkland', 108, '194,369,254,372,255,399,196,399', 194, 372, 0, 0, 206, 378, 26, 58, 0, 2, 0, 'none'),
(109, 'Scotia Sea', 109, '258,372,343,376,341,399,258,399', 259, 375, 0, 0, 275, 380, 22, 82, 0, 2, 0, 'none'),
(110, 'Barent Sea', 110, '350,14,382,11,414,14,414,33,397,26,384,28,362,40', 355, 14, 0, 0, 364, 11, 22, 58, 0, 2, 0, 'none'),
(111, 'Baltic Sea', 111, '372,60,384,50,385,56,381,60,380,66,386,67,379,82,369,82,378,68,372,64', 375, 59, 0, 0, 371, 63, 21, 9, 0, 2, 0, 'none'),
(112, 'Black Sea', 112, '412,116,414,113,418,114,416,117,422,122,430,118,442,126,450,128,448,132,425,129,418,132,410,126,411,120', 413, 114, 0, 0, 417, 112, 17, 28, 0, 2, 0, 'none'),
(113, 'Mediterranean Sea East', 113, '378,168,398,154,406,156,411,154,412,152,424,152,422,154,423,157,427,158,434,154,430,160,428,170,414,173,400,161,392,162,391,170', 382, 138, 0, 0, 404, 147, 31, 45, 0, 2, 0, 'none'),
(114, 'Red Sea', 114, '428,184,432,180,436,184,444,192,448,200,448,204,462,218,468,228,480,222,480,235,468,232,443,208', 433, 185, 0, 0, 434, 190, 47, 47, 0, 2, 0, 'none'),
(115, 'Arabian Sea', 115, '484,220,500,212,532,252,468,316,464,318,462,335,442,334,444,328,451,320,458,318,462,311,460,308,462,297,458,296,458,280,478,258,480,248,483,239', 446, 217, 0, 0, 490, 248, 117, 84, 0, 2, 0, 'none'),
(116, 'Persian Gulf', 116, '502,210,517,196,583,192,561,216,568,212,586,242,534,251', 477, 173, 0, 0, 524, 211, 76, 107, 0, 2, 0, 'none'),
(117, 'Cape of Good Hope', 117, '346,376,389,378,399,374,406,375,424,366,442,337,458,338,458,340,462,352,469,354,450,399,344,399', 346, 339, 0, 0, 395, 379, 58, 120, 0, 2, 0, 'none'),
(118, 'Indian Ocean Mauritius', 118, '482,306,513,275,597,316,596,359,466,369,473,352,478,348,482,336,480,324,484,318', 469, 277, 0, 0, 513, 318, 90, 126, 0, 2, 0, 'none'),
(119, 'Indian Ocean Prince Edward', 119, '464,372,572,364,572,399,454,399', 457, 366, 0, 0, 494, 379, 31, 112, 0, 2, 0, 'none'),
(120, 'Laccadive Sea', 120, '534,253,588,246,596,261,599,263,598,312,516,272', 519, 249, 0, 0, 548, 258, 60, 80, 0, 2, 0, 'none'),
(121, 'Bay of Bengal', 121, '602,262,608,261,609,270,613,275,620,274,620,264,610,236,642,206,652,207,666,232,676,233,680,270,689,288,602,280', 604, 211, 0, 0, 631, 239, 74, 80, 0, 2, 0, 'none'),
(122, 'Indian Ocean Sri Lanka', 122, '602,282,692,292,703,308,667,354,598,359', 601, 286, 0, 0, 621, 304, 71, 100, 0, 2, 0, 'none'),
(123, 'South China Sea', 123, '710,214,730,208,752,214,748,229,752,244,746,254,748,260,758,248,762,255,754,266,744,266,722,248,722,238,708,220', 712, 211, 0, 0, 723, 218, 54, 49, 0, 2, 0, 'none'),
(124, 'Java Sea', 124, '692,246,696,246,708,260,720,250,740,268,731,283,724,283,724,289,716,297,706,272,690,254', 692, 249, 0, 0, 709, 255, 42, 45, 0, 2, 0, 'none'),
(125, 'Indian Ocean Indonesia', 125, '706,308,710,314,744,320,752,323,772,324,764,339,750,344,744,351,742,367,670,354', 675, 317, 0, 0, 699, 326, 47, 94, 0, 2, 0, 'none'),
(126, 'Indian Ocean Center South', 126, '574,364,666,356,696,362,696,399,574,399', 575, 359, 0, 0, 607, 371, 39, 119, 0, 2, 0, 'none'),
(127, 'Sea of Okhotsk', 127, '740,54,746,56,748,52,762,56,769,54,764,48,765,46,772,46,770,38,776,38,773,58,775,68,777,70,793,88,800,88,799,70,790,58,783,56,784,48,794,44,818,66,810,68,814,72,834,69,852,114,800,130,792,116,797,95,788,100,780,99,769,84,750,66,738,70,736,68', 739, 48, 0, 0, 807, 81, 80, 111, 0, 2, 0, 'none'),
(128, 'Northwest Pacific', 128, '836,70,900,40,948,94,945,140,932,136,905,112,880,101,880,107,855,114', 841, 42, 0, 0, 878, 68, 97, 105, 0, 2, 0, 'none'),
(129, 'Pacific Johnston', 129, '856,117,884,109,944,152,942,180,856,180', 858, 112, 0, 0, 874, 143, 67, 85, 0, 2, 0, 'none'),
(130, 'Pacific Shoto', 130, '800,134,854,118,853,181,821,202,818,198,812,197,804,188,774,180,780,151,790,148,794,139,799,139', 776, 122, 0, 0, 805, 143, 79, 75, 0, 2, 0, 'none'),
(131, 'Sea of Japan', 131, '758,84,773,100,775,112,780,126,776,130,778,134,775,136,763,136,750,126,752,114,759,114,762,109,762,92', 753, 94, 0, 0, 757, 106, 41, 26, 0, 2, 0, 'none'),
(132, 'Yellow Sea', 132, '735,128,749,139,756,149,764,138,770,138,765,148,768,152,769,178,748,172,752,156,734,144,734,142,738,136,732,132', 739, 137, 0, 0, 751, 148, 39, 29, 0, 2, 0, 'none'),
(133, 'Philippine Sea', 133, '748,176,801,190,822,244,806,239,800,244,774,242,753,211,754,195', 751, 180, 0, 0, 764, 188, 62, 67, 0, 2, 0, 'none'),
(134, 'Pacific Guam', 134, '855,184,888,184,896,212,884,212,882,216,896,226,861,248,824,240,821,228,829,213,824,204', 823, 186, 0, 0, 846, 194, 61, 71, 0, 2, 0, 'none'),
(135, 'Pacific Nauru', 135, '863,250,898,230,906,240,915,240,941,260,949,288,886,297,874,291,858,258,878,256', 861, 232, 0, 0, 893, 259, 65, 86, 0, 2, 0, 'none'),
(136, 'Bismarck Sea', 136, '776,245,798,247,797,256,810,252,850,260,870,260,854,282,836,274,816,282,784,280,780,274,754,280,756,268,768,265,777,271,780,270,780,254', 757, 248, 0, 0, 790, 254, 33, 109, 0, 2, 0, 'none'),
(137, 'Timor Sea', 137, '725,293,732,302,744,306,765,306,776,298,805,296,808,304,819,304,824,300,830,306,824,313,820,306,818,306,813,324,804,320,807,312,788,310,784,318,772,319,782,306,776,306,768,313,735,312,730,308,716,306', 722, 296, 0, 0, 774, 293, 25, 107, 0, 2, 0, 'none'),
(138, 'Coral Sea', 138, '836,294,844,294,846,288,860,299,888,309,889,321,880,320,880,326,888,334,888,339,838,338,828,316,841,302', 830, 292, 0, 0, 837, 305, 44, 57, 0, 2, 0, 'none'),
(139, 'Great Australian Bight', 139, '698,362,742,370,746,380,743,384,752,390,788,373,793,382,799,382,806,399,698,399', 700, 365, 0, 0, 704, 376, 33, 102, 0, 2, 0, 'none'),
(140, 'Tasman Sea', 140, '840,340,889,342,891,358,854,394,856,399,824,399,824,384,843,364,844,346', 827, 342, 0, 0, 848, 343, 56, 63, 0, 2, 0, 'none'),
(141, 'Pacific Chatham', 141, '912,358,980,354,980,399,870,399,870,395', 872, 357, 0, 0, 917, 367, 40, 106, 0, 2, 0, 'none'),
(142, 'South Sea', 142, '890,300,955,291,955,274,980,274,980,350,902,355,891,339', 893, 275, 0, 0, 917, 307, 79, 85, 0, 2, 0, 'none'),
(143, 'Pacific Kiribati', 143, '890,184,980,184,980,269,951,269,946,258,917,235,915,218,904,208,898,212', 893, 186, 0, 0, 938, 196, 82, 85, 0, 2, 0, 'none');

-- --------------------------------------------------------

--
-- Table structure for table `colors`
--

CREATE TABLE `colors` (
  `id` int(11) NOT NULL,
  `name` varchar(40) NOT NULL,
  `color` varchar(40) NOT NULL
) ENGINE=InnoDB DEFAULT CHARSET=utf8;

--
-- Dumping data for table `colors`
--

INSERT INTO `colors` (`id`, `name`, `color`) VALUES
(1, 'red', 'red'),
(2, 'blue', 'blue'),
(3, 'green', 'green'),
(4, 'orange', 'orange'),
(5, 'purple', 'purple'),
(6, 'yellow', 'yellow');

-- --------------------------------------------------------

--
-- Table structure for table `dice`
--

CREATE TABLE `dice` (
  `id` int(11) NOT NULL,
  `name` varchar(40) NOT NULL,
  `abbr` varchar(40) NOT NULL,
  `effect` text,
  `id_type` int(11) NOT NULL
) ENGINE=InnoDB DEFAULT CHARSET=utf8;

--
-- Dumping data for table `dice`
--

INSERT INTO `dice` (`id`, `name`, `abbr`, `effect`, `id_type`) VALUES
(1, 'Landkampf', 'LK', 'infantry 1\r\nartillery 1\r\ntanks 1\r\naircraft 2\r\nmiss 1\r\n6sided die', 1),
(2, 'Leichte Gesch&uuml;tze', 'LG', '3 misses\r\n2 light\r\n1 heavy\r\n6 sided', 2),
(3, 'Flieger Staffeln', 'FS', '2 light\r\n2 heavy\r\n2 total\r\n6 sided', 2),
(4, 'Schwere Gesch&uuml;tze', 'SG', '2 misses\r\n2 light\r\n2 heavy\r\n6 sided', 2),
(5, 'Torpedos', 'T', '2 misses\r\n1 light\r\n2 heavy\r\n1 total\r\n6 sided', 2);

-- --------------------------------------------------------

--
-- Table structure for table `games`
--

CREATE TABLE `games` (
  `id` int(11) NOT NULL,
  `name` varchar(40) NOT NULL,
  `id_game_mode` int(40) NOT NULL,
  `players` int(11) NOT NULL,
  `id_creator` int(11) NOT NULL,
  `password` varchar(40) DEFAULT NULL,
  `status` enum('new','started','running','done') NOT NULL DEFAULT 'new',
  `id_phase` int(11) NOT NULL DEFAULT '21',
  `round` int(11) NOT NULL DEFAULT '0',
  `processing` tinyint(1) NOT NULL DEFAULT '0'
) ENGINE=InnoDB DEFAULT CHARSET=utf8;

--
-- Dumping data for table `games`
--

INSERT INTO `games` (`id`, `name`, `id_game_mode`, `players`, `id_creator`, `password`, `status`, `id_phase`, `round`, `processing`) VALUES
(39, 'FirstAttonGameEver', 2, 6, 14, NULL, 'running', 5, 5, 0),
(45, 'bentom', 2, 2, 14, NULL, 'done', 1, 1, 0),
(58, 'testing', 2, 2, 14, NULL, 'running', 1, 1, 1);

-- --------------------------------------------------------

--
-- Table structure for table `game_modes`
--

CREATE TABLE `game_modes` (
  `id` int(11) NOT NULL,
  `name` varchar(40) NOT NULL,
  `abbreviation` varchar(40) NOT NULL,
  `description` text NOT NULL,
  `phases` varchar(40) NOT NULL
) ENGINE=InnoDB DEFAULT CHARSET=utf8;

--
-- Dumping data for table `game_modes`
--

INSERT INTO `game_modes` (`id`, `name`, `abbreviation`, `description`, `phases`) VALUES
(1, 'Last Man Standing', 'LMS', 'Jeder Spieler erh&auml;lt zu Beginn der Partie Startgebiete und eine festgelegte Anzahl an Einheiten. Danach wird nur noch gek&auml;mpft.', '1:21'),
(2, 'Risiko Style', 'RS', 'In diesem Modus wird &auml;hnlich Risiko gespielt. Es gibt lediglich Landkampf und Truppenproduktion.', '1:5:21'),
(3, 'Standard Game', 'SG', 'All phases that exist will be played.', '1:2:3:4:5:21:22');

-- --------------------------------------------------------

--
-- Table structure for table `has_dice`
--

CREATE TABLE `has_dice` (
  `id` int(11) NOT NULL,
  `id_unit` int(11) NOT NULL,
  `id_die` int(11) NOT NULL,
  `numberof` int(11) DEFAULT NULL,
  `id_unit_against` int(11) DEFAULT NULL
) ENGINE=InnoDB DEFAULT CHARSET=utf8;

--
-- Dumping data for table `has_dice`
--

INSERT INTO `has_dice` (`id`, `id_unit`, `id_die`, `numberof`, `id_unit_against`) VALUES
(1, 1, 1, 1, NULL),
(2, 2, 1, 1, NULL),
(3, 3, 1, 2, NULL),
(4, 4, 1, 1, NULL),
(5, 5, 2, 1, 6),
(6, 5, 5, 1, 7),
(7, 5, 5, 1, 8),
(8, 6, 4, 1, 5),
(9, 6, 2, 1, 6),
(10, 7, 4, 1, 6),
(11, 7, 4, 1, 7),
(12, 7, 4, 1, 8),
(13, 8, 4, 1, 5),
(14, 8, 3, 1, 6),
(15, 8, 3, 1, 7),
(16, 8, 4, 1, 8);

-- --------------------------------------------------------

--
-- Table structure for table `has_hits`
--

CREATE TABLE `has_hits` (
  `id` int(11) NOT NULL,
  `id_die` int(11) NOT NULL,
  `id_hit` int(11) DEFAULT NULL,
  `id_unit` int(11) DEFAULT NULL,
  `numberof` int(11) NOT NULL
) ENGINE=InnoDB DEFAULT CHARSET=utf8;

--
-- Dumping data for table `has_hits`
--

INSERT INTO `has_hits` (`id`, `id_die`, `id_hit`, `id_unit`, `numberof`) VALUES
(1, 2, 1, NULL, 3),
(2, 2, 2, NULL, 2),
(3, 2, 3, NULL, 1),
(4, 3, 2, NULL, 2),
(5, 3, 3, NULL, 2),
(6, 3, 4, NULL, 2),
(7, 4, 1, NULL, 2),
(8, 4, 2, NULL, 2),
(9, 4, 3, NULL, 2),
(10, 5, 1, NULL, 2),
(11, 5, 2, NULL, 1),
(12, 5, 3, NULL, 2),
(13, 5, 4, NULL, 1),
(14, 1, NULL, 1, 1),
(15, 1, NULL, 2, 1),
(16, 1, NULL, 3, 1),
(17, 1, NULL, 4, 2),
(18, 1, 1, NULL, 1),
(19, 2, 4, NULL, 0),
(20, 3, 1, NULL, 0),
(21, 4, 4, NULL, 0);

-- --------------------------------------------------------

--
-- Table structure for table `has_units`
--

CREATE TABLE `has_units` (
  `id` int(11) NOT NULL,
  `id_ressource` int(11) NOT NULL,
  `productivity` int(11) NOT NULL,
  `id_unit` int(11) NOT NULL,
  `numberof` int(11) NOT NULL,
  `type` enum('losses','strength') NOT NULL DEFAULT 'strength'
) ENGINE=InnoDB DEFAULT CHARSET=utf8;

--
-- Dumping data for table `has_units`
--

INSERT INTO `has_units` (`id`, `id_ressource`, `productivity`, `id_unit`, `numberof`, `type`) VALUES
(1, 1, 1, 1, 4, 'strength'),
(2, 1, 1, 2, 1, 'strength'),
(3, 1, 1, 3, 1, 'strength'),
(4, 1, 1, 4, 0, 'strength'),
(5, 5, 1, 1, 4, 'strength'),
(6, 5, 1, 2, 0, 'strength'),
(7, 5, 1, 3, 0, 'strength'),
(8, 5, 1, 4, 0, 'strength'),
(9, 0, 1, 1, 4, 'strength'),
(10, 0, 1, 2, 1, 'strength'),
(11, 0, 1, 3, 0, 'strength'),
(12, 0, 1, 4, 0, 'strength'),
(13, 1, 2, 1, 4, 'strength'),
(14, 1, 2, 2, 2, 'strength'),
(15, 1, 2, 3, 2, 'strength'),
(16, 1, 2, 4, 0, 'strength'),
(17, 0, 2, 1, 4, 'strength'),
(18, 0, 2, 2, 2, 'strength'),
(19, 0, 2, 3, 1, 'strength'),
(20, 0, 2, 4, 0, 'strength'),
(21, 1, 3, 1, 4, 'strength'),
(22, 1, 3, 2, 3, 'strength'),
(23, 1, 3, 3, 2, 'strength'),
(24, 1, 3, 4, 1, 'strength'),
(25, 0, 3, 1, 4, 'strength'),
(26, 0, 3, 2, 2, 'strength'),
(27, 0, 3, 3, 2, 'strength'),
(28, 0, 3, 4, 1, 'strength'),
(29, 1, 4, 1, 4, 'strength'),
(30, 1, 4, 2, 3, 'strength'),
(31, 1, 4, 3, 3, 'strength'),
(32, 1, 4, 4, 2, 'strength'),
(33, 0, 4, 1, 4, 'strength'),
(34, 0, 4, 2, 3, 'strength'),
(35, 0, 4, 3, 3, 'strength'),
(36, 0, 4, 4, 1, 'strength'),
(37, 1, 1, 1, 1, 'losses'),
(38, 1, 1, 2, 1, 'losses'),
(39, 1, 1, 3, 0, 'losses'),
(40, 1, 1, 4, 0, 'losses'),
(41, 5, 1, 1, 1, 'losses'),
(42, 5, 1, 2, 0, 'losses'),
(43, 5, 1, 3, 0, 'losses'),
(44, 5, 1, 4, 0, 'losses'),
(45, 0, 1, 1, 1, 'losses'),
(46, 0, 1, 2, 1, 'losses'),
(47, 0, 1, 3, 0, 'losses'),
(48, 0, 1, 4, 0, 'losses'),
(49, 1, 2, 1, 2, 'losses'),
(50, 1, 2, 2, 1, 'losses'),
(51, 1, 2, 3, 1, 'losses'),
(52, 1, 2, 4, 0, 'losses'),
(53, 0, 2, 1, 1, 'losses'),
(54, 0, 2, 2, 1, 'losses'),
(55, 0, 2, 3, 1, 'losses'),
(56, 0, 2, 4, 0, 'losses'),
(57, 1, 3, 1, 2, 'losses'),
(58, 1, 3, 2, 2, 'losses'),
(59, 1, 3, 3, 1, 'losses'),
(60, 1, 3, 4, 1, 'losses'),
(61, 0, 3, 1, 2, 'losses'),
(62, 0, 3, 2, 1, 'losses'),
(63, 0, 3, 3, 1, 'losses'),
(64, 0, 3, 4, 1, 'losses'),
(65, 1, 4, 1, 3, 'losses'),
(66, 1, 4, 2, 2, 'losses'),
(67, 1, 4, 3, 2, 'losses'),
(68, 1, 4, 4, 1, 'losses'),
(69, 0, 4, 1, 2, 'losses'),
(70, 0, 4, 2, 2, 'losses'),
(71, 0, 4, 3, 2, 'losses'),
(72, 0, 4, 4, 1, 'losses');

-- --------------------------------------------------------

--
-- Table structure for table `hits`
--

CREATE TABLE `hits` (
  `id` int(11) NOT NULL,
  `name` varchar(40) NOT NULL,
  `abbr` varchar(40) NOT NULL,
  `dmg` int(11) NOT NULL
) ENGINE=InnoDB DEFAULT CHARSET=utf8;

--
-- Dumping data for table `hits`
--

INSERT INTO `hits` (`id`, `name`, `abbr`, `dmg`) VALUES
(1, 'Fehlschuss', '-', 0),
(2, 'Leichter Treffer', '+', 1),
(3, 'Schwerer Treffer', '++', 2),
(4, 'Volltreffer', 'X', 99);

-- --------------------------------------------------------

--
-- Table structure for table `in_game_phase_info`
--

CREATE TABLE `in_game_phase_info` (
  `id` int(11) NOT NULL,
  `id_user` int(11) NOT NULL,
  `id_game` int(11) NOT NULL,
  `id_phase` int(11) NOT NULL,
  `notif_rule` tinyint(4) NOT NULL,
  `is_ready` tinyint(4) NOT NULL
) ENGINE=InnoDB DEFAULT CHARSET=utf8;

--
-- Dumping data for table `in_game_phase_info`
--

INSERT INTO `in_game_phase_info` (`id`, `id_user`, `id_game`, `id_phase`, `notif_rule`, `is_ready`) VALUES
(1, 14, 0, 1, 1, 0),
(2, 14, 0, 2, 1, 0),
(3, 14, 0, 3, 1, 0),
(4, 14, 0, 4, 1, 0),
(5, 14, 0, 5, 1, 0),
(6, 14, 0, 21, 1, 0),
(7, 14, 0, 22, 1, 0),
(8, 14, 0, 23, 1, 0),
(24, 14, 45, 23, 1, 0),
(25, 3, 0, 1, 1, 0),
(26, 3, 0, 2, 1, 0),
(27, 3, 0, 3, 1, 0),
(28, 3, 0, 4, 1, 0),
(29, 3, 0, 5, 1, 0),
(30, 3, 0, 21, 1, 0),
(31, 3, 0, 22, 1, 0),
(32, 3, 0, 23, 1, 0),
(155, 14, 58, 1, 1, 1),
(156, 14, 58, 2, 1, 0),
(157, 14, 58, 3, 1, 0),
(158, 14, 58, 4, 1, 0),
(159, 14, 58, 5, 1, 0),
(160, 14, 58, 21, 1, 0),
(161, 14, 58, 22, 1, 0),
(162, 14, 58, 23, 1, 0),
(163, 3, 58, 1, 1, 1),
(164, 3, 58, 2, 1, 0),
(165, 3, 58, 3, 1, 0),
(166, 3, 58, 4, 1, 0),
(167, 3, 58, 5, 1, 0),
(168, 3, 58, 21, 1, 0),
(169, 3, 58, 22, 1, 0),
(170, 3, 58, 23, 1, 0);

-- --------------------------------------------------------

--
-- Table structure for table `is_in_game`
--

CREATE TABLE `is_in_game` (
  `id` int(11) NOT NULL,
  `id_user` int(11) NOT NULL,
  `id_game` int(11) NOT NULL,
  `id_color` int(11) DEFAULT NULL,
  `money` int(11) NOT NULL DEFAULT '0',
  `id_set` int(11) DEFAULT '0'
) ENGINE=InnoDB DEFAULT CHARSET=utf8;

--
-- Dumping data for table `is_in_game`
--

INSERT INTO `is_in_game` (`id`, `id_user`, `id_game`, `id_color`, `money`, `id_set`) VALUES
(90, 14, 39, 1, 0, 12),
(91, 15, 39, 3, 0, 7),
(93, 30, 39, 5, 2, 9),
(95, 31, 39, 2, 0, 10),
(96, 32, 39, 4, 1, 11),
(97, 33, 39, 6, 39, 8),
(109, 14, 45, 1, 0, 1),
(110, 32, 45, 3, 0, 4),
(127, 14, 58, 1, 0, 2),
(128, 3, 58, 5, 0, 3);

-- --------------------------------------------------------

--
-- Table structure for table `move_errors`
--

CREATE TABLE `move_errors` (
  `id` int(11) NOT NULL,
  `reason` varchar(40) NOT NULL,
  `explanation` text NOT NULL
) ENGINE=InnoDB DEFAULT CHARSET=utf8;

--
-- Dumping data for table `move_errors`
--

INSERT INTO `move_errors` (`id`, `reason`, `explanation`) VALUES
(1, 'default', 'Es wurde kein Grund angegeben.'),
(2, 'too much out', 'Es haben sich mehr Einheiten aus dem Feld bewegt als sich darin befanden.'),
(3, 'no in empty', 'Es haben sich alle Einheiten aus dem Feld bewegt, jedoch keine hinein.'),
(4, 'too much attacks', 'Sie haben die maximale Anzahl an Angriffen &uuml;berschritten.'),
(5, 'wrong area type', 'Das Zielfeld hatte nicht den richtigen Typ. (zB. Landzug aber kein Landfeld)'),
(6, 'not enough speed', 'Ihre Einheiten hatten nicht genug Reichweite f&uuml;r den eingegebenen Zug.'),
(7, 'no path found', 'Es konnte kein Pfad zum Zielfeld gefunden werden.'),
(8, 'user not owner', 'Das ausgew&auml;hlte Gebiet ist nicht unter Ihrer Kontrolle.'),
(9, 'ship name already taken', 'Der gew&uuml;nschte Name Ihres Schiffes war bereits vergeben.'),
(10, 'not enough pp', 'Sie hatten leider nicht genug Produktions-Punkte um diese Einheit herzustellen.');

-- --------------------------------------------------------

--
-- Table structure for table `optiontypes`
--

CREATE TABLE `optiontypes` (
  `id` int(11) NOT NULL,
  `units` int(11) NOT NULL,
  `countries` int(11) NOT NULL
) ENGINE=InnoDB DEFAULT CHARSET=utf8;

--
-- Dumping data for table `optiontypes`
--

INSERT INTO `optiontypes` (`id`, `units`, `countries`) VALUES
(1, 4, 1),
(2, 3, 1),
(3, 2, 1),
(4, 2, 2),
(5, 2, 3),
(6, 2, 4);

-- --------------------------------------------------------

--
-- Table structure for table `phases`
--

CREATE TABLE `phases` (
  `id` int(11) NOT NULL,
  `name` varchar(40) NOT NULL,
  `label` varchar(40) NOT NULL,
  `id_type` int(11) NOT NULL
) ENGINE=InnoDB DEFAULT CHARSET=utf8;

--
-- Dumping data for table `phases`
--

INSERT INTO `phases` (`id`, `name`, `label`, `id_type`) VALUES
(1, 'Move Troops', 'landmove', 1),
(2, 'Move Fleets', 'seamove', 2),
(3, 'Traderoutes', 'traderoute', 2),
(4, 'Arrange Troops', 'troopsmove', 3),
(5, 'Reinforcements', 'production', 3),
(21, 'Game Start', 'startgame', 0),
(22, 'Select Start-Areas', 'selectstart', 1),
(23, 'Place Fleets', 'setships', 2);

-- --------------------------------------------------------

--
-- Table structure for table `resources`
--

CREATE TABLE `resources` (
  `id` int(11) NOT NULL,
  `name` varchar(40) NOT NULL,
  `label` varchar(40) NOT NULL,
  `id_type` int(11) NOT NULL
) ENGINE=InnoDB DEFAULT CHARSET=utf8;

--
-- Dumping data for table `resources`
--

INSERT INTO `resources` (`id`, `name`, `label`, `id_type`) VALUES
(1, 'Öl', 'oil', 1),
(2, 'Transport', 'transport', 1),
(3, 'Industrie', 'industry', 1),
(4, 'Mineralien', 'minerals', 1),
(5, 'Population', 'population', 1);

-- --------------------------------------------------------

--
-- Table structure for table `resource_allocation`
--

CREATE TABLE `resource_allocation` (
  `id` int(11) NOT NULL,
  `id_resource` int(11) NOT NULL DEFAULT '1',
  `res_power` smallint(6) NOT NULL DEFAULT '1',
  `economy` enum('poor','weak','normal','strong','none') NOT NULL DEFAULT 'poor',
  `count` int(11) NOT NULL DEFAULT '0'
) ENGINE=InnoDB DEFAULT CHARSET=utf8;

--
-- Dumping data for table `resource_allocation`
--

INSERT INTO `resource_allocation` (`id`, `id_resource`, `res_power`, `economy`, `count`) VALUES
(1, 1, 1, 'poor', 1),
(2, 1, 1, 'weak', 6),
(3, 1, 2, 'weak', 6),
(4, 1, 3, 'normal', 5),
(5, 1, 4, 'strong', 3),
(6, 2, 1, 'poor', 1),
(7, 2, 2, 'poor', 4),
(8, 2, 2, 'weak', 3),
(9, 2, 3, 'weak', 1),
(10, 2, 3, 'normal', 4),
(11, 2, 4, 'strong', 2),
(12, 3, 1, 'poor', 1),
(13, 3, 2, 'poor', 4),
(14, 3, 2, 'weak', 3),
(15, 3, 3, 'weak', 2),
(16, 3, 3, 'normal', 3),
(17, 3, 4, 'strong', 2),
(18, 4, 1, 'poor', 1),
(19, 4, 2, 'poor', 4),
(20, 4, 2, 'weak', 3),
(21, 4, 3, 'weak', 2),
(22, 4, 3, 'normal', 3),
(23, 4, 4, 'strong', 2),
(24, 5, 1, 'poor', 14);

-- --------------------------------------------------------

--
-- Table structure for table `startregions`
--

CREATE TABLE `startregions` (
  `id` int(11) NOT NULL,
  `id_area` int(11) NOT NULL,
  `id_optiontype` int(11) NOT NULL,
  `id_set` int(11) NOT NULL,
  `options` int(11) NOT NULL
) ENGINE=InnoDB DEFAULT CHARSET=utf8;

--
-- Dumping data for table `startregions`
--

INSERT INTO `startregions` (`id`, `id_area`, `id_optiontype`, `id_set`, `options`) VALUES
(1, 24, 1, 1, 1),
(2, 3, 2, 1, 2),
(3, 79, 3, 1, 3),
(4, 36, 4, 1, 4),
(5, 37, 4, 1, 4),
(6, 38, 4, 1, 4),
(7, 61, 4, 1, 5),
(8, 62, 4, 1, 5),
(9, 63, 4, 1, 5),
(10, 28, 1, 2, 1),
(11, 6, 2, 2, 2),
(12, 68, 4, 2, 3),
(13, 69, 4, 2, 3),
(14, 66, 4, 2, 3),
(15, 17, 4, 2, 4),
(16, 19, 4, 2, 4),
(17, 20, 4, 2, 4),
(18, 54, 3, 2, 5),
(19, 55, 3, 2, 5),
(20, 10, 1, 3, 1),
(21, 80, 3, 3, 3),
(22, 23, 2, 3, 2),
(23, 27, 2, 3, 2),
(24, 40, 4, 3, 4),
(25, 41, 4, 3, 4),
(26, 42, 4, 3, 4),
(27, 44, 4, 3, 5),
(28, 47, 4, 3, 5),
(29, 50, 4, 3, 5),
(30, 25, 1, 4, 1),
(31, 22, 1, 4, 1),
(32, 49, 2, 4, 2),
(33, 2, 3, 4, 3),
(34, 15, 4, 4, 4),
(35, 16, 4, 4, 4),
(36, 14, 4, 4, 4),
(37, 78, 4, 4, 5),
(38, 76, 4, 4, 5),
(39, 77, 4, 4, 5),
(40, 26, 1, 5, 1),
(41, 43, 2, 5, 2),
(42, 48, 2, 5, 2),
(43, 12, 4, 5, 3),
(44, 13, 4, 5, 3),
(45, 65, 5, 5, 4),
(46, 64, 5, 5, 4),
(47, 67, 5, 5, 4),
(48, 70, 5, 5, 4),
(49, 9, 1, 6, 1),
(50, 11, 1, 6, 1),
(51, 75, 2, 6, 2),
(52, 57, 4, 6, 3),
(53, 58, 4, 6, 3),
(54, 56, 4, 6, 3),
(55, 35, 5, 6, 4),
(56, 30, 5, 6, 4),
(57, 34, 5, 6, 4),
(58, 31, 5, 6, 4),
(59, 33, 5, 6, 4),
(60, 24, 1, 7, 1),
(61, 3, 2, 7, 2),
(62, 79, 3, 7, 3),
(63, 36, 4, 7, 4),
(64, 37, 4, 7, 4),
(65, 38, 4, 7, 4),
(66, 61, 4, 7, 5),
(67, 62, 4, 7, 5),
(68, 63, 4, 7, 5),
(69, 28, 1, 8, 1),
(70, 6, 2, 8, 2),
(71, 68, 4, 8, 3),
(72, 69, 4, 8, 3),
(73, 66, 4, 8, 3),
(74, 17, 4, 8, 4),
(75, 19, 4, 8, 4),
(76, 20, 4, 8, 4),
(77, 54, 3, 8, 5),
(78, 55, 3, 8, 5),
(79, 10, 1, 9, 1),
(80, 80, 3, 9, 3),
(81, 23, 2, 9, 2),
(82, 27, 2, 9, 2),
(83, 40, 4, 9, 4),
(84, 41, 4, 9, 4),
(85, 42, 4, 9, 4),
(86, 44, 4, 9, 5),
(87, 47, 4, 9, 5),
(88, 50, 4, 9, 5),
(89, 25, 1, 10, 1),
(90, 22, 1, 10, 1),
(91, 49, 2, 10, 2),
(92, 2, 3, 10, 3),
(93, 15, 4, 10, 4),
(94, 16, 4, 10, 4),
(95, 14, 4, 10, 4),
(96, 78, 4, 10, 5),
(97, 76, 4, 10, 5),
(98, 77, 4, 10, 5),
(99, 26, 1, 11, 1),
(100, 43, 2, 11, 2),
(101, 48, 2, 11, 2),
(102, 12, 4, 11, 3),
(103, 13, 4, 11, 3),
(104, 65, 5, 11, 4),
(105, 64, 5, 11, 4),
(106, 67, 5, 11, 4),
(107, 70, 5, 11, 4),
(108, 9, 1, 12, 1),
(109, 11, 1, 12, 1),
(110, 75, 2, 12, 2),
(111, 57, 4, 12, 3),
(112, 58, 4, 12, 3),
(113, 56, 4, 12, 3),
(114, 35, 5, 12, 4),
(115, 30, 5, 12, 4),
(116, 34, 5, 12, 4),
(117, 31, 5, 12, 4),
(118, 33, 5, 12, 4);

-- --------------------------------------------------------

--
-- Table structure for table `startsets`
--

CREATE TABLE `startsets` (
  `id` int(11) NOT NULL,
  `name` varchar(40) DEFAULT NULL,
  `players` int(11) NOT NULL
) ENGINE=InnoDB DEFAULT CHARSET=utf8;

--
-- Dumping data for table `startsets`
--

INSERT INTO `startsets` (`id`, `name`, `players`) VALUES
(1, NULL, 2),
(2, NULL, 2),
(3, NULL, 2),
(4, NULL, 2),
(5, NULL, 2),
(6, NULL, 2),
(7, NULL, 6),
(8, NULL, 6),
(9, NULL, 6),
(10, NULL, 6),
(11, NULL, 6),
(12, NULL, 6);

-- --------------------------------------------------------

--
-- Table structure for table `startships`
--

CREATE TABLE `startships` (
  `id` int(11) NOT NULL,
  `id_unit` int(11) NOT NULL,
  `numberof` int(11) NOT NULL,
  `players` int(11) NOT NULL
) ENGINE=InnoDB DEFAULT CHARSET=utf8;

--
-- Dumping data for table `startships`
--

INSERT INTO `startships` (`id`, `id_unit`, `numberof`, `players`) VALUES
(1, 7, 2, 2),
(2, 6, 4, 2),
(3, 8, 2, 2),
(4, 5, 4, 2),
(5, 7, 2, 6),
(6, 6, 4, 6),
(7, 8, 2, 6),
(8, 5, 4, 6);

-- --------------------------------------------------------

--
-- Table structure for table `techs`
--

CREATE TABLE `techs` (
  `id` int(11) NOT NULL,
  `name` varchar(40) NOT NULL,
  `effect` text
) ENGINE=InnoDB DEFAULT CHARSET=utf8;

-- --------------------------------------------------------

--
-- Table structure for table `traderoutes`
--

CREATE TABLE `traderoutes` (
  `id` int(11) NOT NULL,
  `size` int(11) NOT NULL,
  `id_area1` int(11) NOT NULL,
  `id_area2` int(11) NOT NULL
) ENGINE=InnoDB DEFAULT CHARSET=utf8;

--
-- Dumping data for table `traderoutes`
--

INSERT INTO `traderoutes` (`id`, `size`, `id_area1`, `id_area2`) VALUES
(1, 3, 1, 12),
(2, 3, 1, 56),
(3, 3, 1, 57),
(4, 3, 1, 58),
(5, 3, 1, 60),
(6, 4, 1, 13),
(7, 4, 1, 79),
(8, 4, 1, 80),
(9, 4, 1, 64),
(10, 4, 1, 59),
(11, 4, 1, 66),
(12, 5, 1, 14),
(13, 5, 1, 15),
(14, 5, 1, 69),
(15, 5, 1, 75),
(16, 5, 1, 61),
(17, 5, 1, 62),
(18, 5, 1, 65),
(19, 6, 1, 16),
(20, 6, 1, 19),
(21, 6, 1, 67),
(22, 6, 1, 68),
(23, 6, 1, 72),
(24, 6, 1, 74),
(25, 6, 1, 63),
(26, 7, 1, 8),
(27, 7, 1, 11),
(28, 7, 1, 10),
(29, 7, 1, 20),
(30, 7, 1, 70),
(31, 7, 1, 71),
(32, 7, 1, 73),
(33, 8, 1, 25),
(34, 8, 1, 32),
(35, 8, 1, 36),
(36, 8, 1, 17),
(37, 8, 1, 6),
(38, 8, 1, 55),
(39, 9, 1, 21),
(40, 9, 1, 26),
(41, 9, 1, 27),
(42, 9, 1, 33),
(43, 9, 1, 37),
(44, 9, 1, 38),
(45, 9, 1, 40),
(46, 9, 1, 42),
(47, 10, 1, 22),
(48, 10, 1, 30),
(49, 10, 1, 34),
(50, 10, 1, 41),
(51, 10, 1, 4),
(52, 10, 1, 5),
(53, 10, 1, 31),
(54, 10, 1, 35),
(55, 10, 1, 39),
(56, 10, 1, 52),
(57, 10, 1, 53),
(58, 11, 1, 23),
(59, 11, 1, 28),
(60, 11, 1, 29),
(61, 3, 2, 21),
(62, 3, 2, 25),
(63, 3, 2, 10),
(64, 4, 2, 22),
(65, 4, 2, 26),
(66, 4, 2, 32),
(67, 4, 2, 36),
(68, 4, 2, 11),
(69, 4, 2, 13),
(70, 5, 2, 23),
(71, 5, 2, 27),
(72, 5, 2, 28),
(73, 5, 2, 33),
(74, 5, 2, 16),
(75, 5, 2, 8),
(76, 5, 2, 12),
(77, 5, 2, 14),
(78, 6, 2, 30),
(79, 6, 2, 34),
(80, 6, 2, 37),
(81, 6, 2, 17),
(82, 6, 2, 15),
(83, 7, 2, 29),
(84, 7, 2, 31),
(85, 7, 2, 35),
(86, 7, 2, 38),
(87, 7, 2, 40),
(88, 7, 2, 20),
(89, 7, 2, 19),
(90, 7, 2, 69),
(91, 7, 2, 75),
(92, 7, 2, 80),
(93, 7, 2, 79),
(94, 8, 2, 39),
(95, 8, 2, 41),
(96, 8, 2, 42),
(97, 8, 2, 7),
(98, 8, 2, 78),
(99, 8, 2, 66),
(100, 8, 2, 68),
(101, 8, 2, 72),
(102, 8, 2, 74),
(103, 8, 2, 77),
(104, 8, 2, 64),
(105, 9, 2, 52),
(106, 9, 2, 53),
(107, 9, 2, 55),
(108, 9, 2, 65),
(109, 9, 2, 67),
(110, 9, 2, 70),
(111, 9, 2, 71),
(112, 9, 2, 73),
(113, 9, 2, 76),
(114, 9, 2, 60),
(115, 9, 2, 61),
(116, 9, 2, 62),
(117, 10, 2, 63),
(118, 10, 2, 56),
(119, 10, 2, 57),
(120, 10, 2, 58),
(121, 10, 2, 59),
(122, 3, 3, 12),
(123, 3, 3, 56),
(124, 3, 3, 57),
(125, 3, 3, 58),
(126, 3, 3, 60),
(127, 4, 3, 13),
(128, 4, 3, 79),
(129, 4, 3, 80),
(130, 4, 3, 64),
(131, 4, 3, 59),
(132, 4, 3, 66),
(133, 5, 3, 14),
(134, 5, 3, 15),
(135, 5, 3, 69),
(136, 5, 3, 75),
(137, 5, 3, 61),
(138, 5, 3, 62),
(139, 5, 3, 65),
(140, 6, 3, 16),
(141, 6, 3, 19),
(142, 6, 3, 67),
(143, 6, 3, 68),
(144, 6, 3, 72),
(145, 6, 3, 74),
(146, 6, 3, 63),
(147, 7, 3, 8),
(148, 7, 3, 11),
(149, 7, 3, 10),
(150, 7, 3, 20),
(151, 7, 3, 70),
(152, 7, 3, 71),
(153, 7, 3, 73),
(154, 8, 3, 25),
(155, 8, 3, 32),
(156, 8, 3, 36),
(157, 8, 3, 17),
(158, 8, 3, 6),
(159, 8, 3, 55),
(160, 9, 3, 21),
(161, 9, 3, 26),
(162, 9, 3, 27),
(163, 9, 3, 33),
(164, 9, 3, 37),
(165, 9, 3, 38),
(166, 9, 3, 40),
(167, 9, 3, 42),
(168, 10, 3, 22),
(169, 10, 3, 30),
(170, 10, 3, 34),
(171, 10, 3, 41),
(172, 10, 3, 5),
(173, 10, 3, 31),
(174, 10, 3, 35),
(175, 10, 3, 39),
(176, 10, 3, 52),
(177, 10, 3, 53),
(178, 11, 3, 23),
(179, 11, 3, 28),
(180, 11, 3, 29),
(181, 3, 4, 21),
(182, 3, 4, 25),
(183, 3, 4, 10),
(184, 4, 4, 22),
(185, 4, 4, 26),
(186, 4, 4, 32),
(187, 4, 4, 36),
(188, 4, 4, 11),
(189, 4, 4, 13),
(190, 5, 4, 23),
(191, 5, 4, 27),
(192, 5, 4, 28),
(193, 5, 4, 33),
(194, 5, 4, 16),
(195, 5, 4, 12),
(196, 5, 4, 14),
(197, 6, 4, 30),
(198, 6, 4, 34),
(199, 6, 4, 37),
(200, 6, 4, 17),
(201, 6, 4, 15),
(202, 7, 4, 29),
(203, 7, 4, 31),
(204, 7, 4, 35),
(205, 7, 4, 38),
(206, 7, 4, 40),
(207, 7, 4, 20),
(208, 7, 4, 19),
(209, 7, 4, 69),
(210, 7, 4, 75),
(211, 7, 4, 80),
(212, 7, 4, 79),
(213, 8, 4, 39),
(214, 8, 4, 41),
(215, 8, 4, 42),
(216, 8, 4, 78),
(217, 8, 4, 66),
(218, 8, 4, 68),
(219, 8, 4, 72),
(220, 8, 4, 74),
(221, 8, 4, 77),
(222, 8, 4, 64),
(223, 9, 4, 52),
(224, 9, 4, 53),
(225, 9, 4, 55),
(226, 9, 4, 65),
(227, 9, 4, 67),
(228, 9, 4, 70),
(229, 9, 4, 71),
(230, 9, 4, 73),
(231, 9, 4, 76),
(232, 9, 4, 60),
(233, 9, 4, 61),
(234, 9, 4, 62),
(235, 10, 4, 63),
(236, 10, 4, 1),
(237, 10, 4, 56),
(238, 10, 4, 57),
(239, 10, 4, 58),
(240, 10, 4, 59),
(241, 3, 5, 21),
(242, 3, 5, 25),
(243, 4, 5, 22),
(244, 4, 5, 26),
(245, 4, 5, 32),
(246, 4, 5, 36),
(247, 4, 5, 11),
(248, 4, 5, 13),
(249, 5, 5, 23),
(250, 5, 5, 27),
(251, 5, 5, 28),
(252, 5, 5, 33),
(253, 5, 5, 16),
(254, 5, 5, 8),
(255, 5, 5, 12),
(256, 5, 5, 14),
(257, 6, 5, 30),
(258, 6, 5, 34),
(259, 6, 5, 37),
(260, 6, 5, 17),
(261, 6, 5, 15),
(262, 7, 5, 29),
(263, 7, 5, 31),
(264, 7, 5, 35),
(265, 7, 5, 38),
(266, 7, 5, 40),
(267, 7, 5, 20),
(268, 7, 5, 19),
(269, 7, 5, 69),
(270, 7, 5, 75),
(271, 7, 5, 80),
(272, 7, 5, 79),
(273, 8, 5, 39),
(274, 8, 5, 41),
(275, 8, 5, 42),
(276, 8, 5, 7),
(277, 8, 5, 78),
(278, 8, 5, 66),
(279, 8, 5, 68),
(280, 8, 5, 72),
(281, 8, 5, 74),
(282, 8, 5, 77),
(283, 8, 5, 64),
(284, 9, 5, 52),
(285, 9, 5, 53),
(286, 9, 5, 55),
(287, 9, 5, 65),
(288, 9, 5, 67),
(289, 9, 5, 70),
(290, 9, 5, 71),
(291, 9, 5, 73),
(292, 9, 5, 76),
(293, 9, 5, 60),
(294, 9, 5, 61),
(295, 9, 5, 62),
(296, 10, 5, 63),
(297, 10, 5, 1),
(298, 10, 5, 3),
(299, 10, 5, 56),
(300, 10, 5, 57),
(301, 10, 5, 58),
(302, 10, 5, 59),
(303, 3, 6, 22),
(304, 3, 6, 26),
(305, 3, 6, 27),
(306, 3, 6, 33),
(307, 3, 6, 16),
(308, 3, 6, 8),
(309, 3, 6, 12),
(310, 3, 6, 14),
(311, 4, 6, 23),
(312, 4, 6, 28),
(313, 4, 6, 30),
(314, 4, 6, 34),
(315, 4, 6, 37),
(316, 4, 6, 17),
(317, 4, 6, 15),
(318, 5, 6, 29),
(319, 5, 6, 31),
(320, 5, 6, 35),
(321, 5, 6, 38),
(322, 5, 6, 40),
(323, 5, 6, 20),
(324, 5, 6, 19),
(325, 5, 6, 69),
(326, 5, 6, 75),
(327, 5, 6, 80),
(328, 5, 6, 79),
(329, 6, 6, 39),
(330, 6, 6, 41),
(331, 6, 6, 42),
(332, 6, 6, 7),
(333, 6, 6, 78),
(334, 6, 6, 66),
(335, 6, 6, 68),
(336, 6, 6, 72),
(337, 6, 6, 74),
(338, 6, 6, 77),
(339, 6, 6, 64),
(340, 7, 6, 52),
(341, 7, 6, 53),
(342, 7, 6, 55),
(343, 7, 6, 65),
(344, 7, 6, 67),
(345, 7, 6, 70),
(346, 7, 6, 71),
(347, 7, 6, 73),
(348, 7, 6, 76),
(349, 7, 6, 60),
(350, 7, 6, 61),
(351, 7, 6, 62),
(352, 8, 6, 63),
(353, 8, 6, 1),
(354, 8, 6, 3),
(355, 8, 6, 56),
(356, 8, 6, 57),
(357, 8, 6, 58),
(358, 8, 6, 59),
(359, 3, 7, 56),
(360, 3, 7, 57),
(361, 3, 7, 58),
(362, 3, 7, 60),
(363, 3, 7, 14),
(364, 3, 7, 15),
(365, 3, 7, 64),
(366, 3, 7, 66),
(367, 3, 7, 69),
(368, 3, 7, 75),
(369, 4, 7, 59),
(370, 4, 7, 16),
(371, 4, 7, 19),
(372, 4, 7, 61),
(373, 4, 7, 62),
(374, 4, 7, 65),
(375, 4, 7, 67),
(376, 4, 7, 68),
(377, 4, 7, 72),
(378, 4, 7, 74),
(379, 5, 7, 11),
(380, 5, 7, 10),
(381, 5, 7, 20),
(382, 5, 7, 63),
(383, 5, 7, 70),
(384, 5, 7, 71),
(385, 5, 7, 73),
(386, 6, 7, 25),
(387, 6, 7, 32),
(388, 6, 7, 36),
(389, 6, 7, 17),
(390, 6, 7, 6),
(391, 7, 7, 21),
(392, 7, 7, 26),
(393, 7, 7, 27),
(394, 7, 7, 33),
(395, 7, 7, 37),
(396, 7, 7, 38),
(397, 7, 7, 40),
(398, 7, 7, 55),
(399, 7, 7, 42),
(400, 8, 7, 22),
(401, 8, 7, 30),
(402, 8, 7, 34),
(403, 8, 7, 41),
(404, 8, 7, 2),
(405, 8, 7, 5),
(406, 8, 7, 31),
(407, 8, 7, 35),
(408, 8, 7, 39),
(409, 9, 7, 23),
(410, 9, 7, 28),
(411, 9, 7, 29),
(412, 9, 7, 52),
(413, 9, 7, 53),
(414, 3, 8, 15),
(415, 3, 8, 6),
(416, 3, 8, 25),
(417, 3, 8, 32),
(418, 3, 8, 36),
(419, 4, 8, 19),
(420, 4, 8, 69),
(421, 4, 8, 75),
(422, 4, 8, 80),
(423, 4, 8, 79),
(424, 4, 8, 17),
(425, 4, 8, 21),
(426, 4, 8, 26),
(427, 4, 8, 27),
(428, 4, 8, 33),
(429, 5, 8, 78),
(430, 5, 8, 20),
(431, 5, 8, 66),
(432, 5, 8, 68),
(433, 5, 8, 72),
(434, 5, 8, 74),
(435, 5, 8, 77),
(436, 5, 8, 64),
(437, 5, 8, 37),
(438, 5, 8, 38),
(439, 5, 8, 40),
(440, 5, 8, 2),
(441, 5, 8, 5),
(442, 5, 8, 22),
(443, 5, 8, 30),
(444, 5, 8, 34),
(445, 6, 8, 65),
(446, 6, 8, 67),
(447, 6, 8, 70),
(448, 6, 8, 71),
(449, 6, 8, 73),
(450, 6, 8, 76),
(451, 6, 8, 60),
(452, 6, 8, 61),
(453, 6, 8, 62),
(454, 6, 8, 41),
(455, 6, 8, 23),
(456, 6, 8, 28),
(457, 6, 8, 29),
(458, 6, 8, 31),
(459, 6, 8, 35),
(460, 7, 8, 1),
(461, 7, 8, 3),
(462, 7, 8, 63),
(463, 7, 8, 56),
(464, 7, 8, 57),
(465, 7, 8, 58),
(466, 7, 8, 59),
(467, 7, 8, 42),
(468, 7, 8, 39),
(469, 8, 8, 55),
(470, 8, 8, 52),
(471, 8, 8, 53),
(472, 3, 10, 2),
(473, 3, 10, 4),
(474, 3, 10, 22),
(475, 3, 10, 26),
(476, 3, 10, 27),
(477, 3, 10, 33),
(478, 3, 10, 15),
(479, 3, 10, 17),
(480, 4, 10, 23),
(481, 4, 10, 28),
(482, 4, 10, 30),
(483, 4, 10, 34),
(484, 4, 10, 37),
(485, 4, 10, 19),
(486, 4, 10, 69),
(487, 4, 10, 75),
(488, 4, 10, 80),
(489, 4, 10, 79),
(490, 4, 10, 20),
(491, 4, 10, 38),
(492, 4, 10, 40),
(493, 5, 10, 29),
(494, 5, 10, 31),
(495, 5, 10, 35),
(496, 5, 10, 7),
(497, 5, 10, 78),
(498, 5, 10, 66),
(499, 5, 10, 68),
(500, 5, 10, 72),
(501, 5, 10, 74),
(502, 5, 10, 77),
(503, 5, 10, 64),
(504, 5, 10, 41),
(505, 6, 10, 39),
(506, 6, 10, 42),
(507, 6, 10, 65),
(508, 6, 10, 67),
(509, 6, 10, 70),
(510, 6, 10, 71),
(511, 6, 10, 73),
(512, 6, 10, 76),
(513, 6, 10, 60),
(514, 6, 10, 61),
(515, 6, 10, 62),
(516, 7, 10, 52),
(517, 7, 10, 53),
(518, 7, 10, 55),
(519, 7, 10, 1),
(520, 7, 10, 3),
(521, 7, 10, 63),
(522, 7, 10, 56),
(523, 7, 10, 57),
(524, 7, 10, 58),
(525, 7, 10, 59),
(526, 3, 11, 15),
(527, 3, 11, 21),
(528, 3, 11, 26),
(529, 3, 11, 27),
(530, 3, 11, 33),
(531, 3, 11, 17),
(532, 4, 11, 19),
(533, 4, 11, 69),
(534, 4, 11, 75),
(535, 4, 11, 80),
(536, 4, 11, 79),
(537, 4, 11, 2),
(538, 4, 11, 4),
(539, 4, 11, 5),
(540, 4, 11, 22),
(541, 4, 11, 30),
(542, 4, 11, 34),
(543, 4, 11, 37),
(544, 4, 11, 20),
(545, 4, 11, 38),
(546, 4, 11, 40),
(547, 5, 11, 7),
(548, 5, 11, 78),
(549, 5, 11, 66),
(550, 5, 11, 68),
(551, 5, 11, 72),
(552, 5, 11, 74),
(553, 5, 11, 77),
(554, 5, 11, 64),
(555, 5, 11, 23),
(556, 5, 11, 28),
(557, 5, 11, 29),
(558, 5, 11, 31),
(559, 5, 11, 35),
(560, 5, 11, 41),
(561, 6, 11, 65),
(562, 6, 11, 67),
(563, 6, 11, 70),
(564, 6, 11, 71),
(565, 6, 11, 73),
(566, 6, 11, 76),
(567, 6, 11, 60),
(568, 6, 11, 61),
(569, 6, 11, 62),
(570, 6, 11, 39),
(571, 6, 11, 42),
(572, 7, 11, 1),
(573, 7, 11, 3),
(574, 7, 11, 63),
(575, 7, 11, 56),
(576, 7, 11, 57),
(577, 7, 11, 58),
(578, 7, 11, 59),
(579, 7, 11, 52),
(580, 7, 11, 53),
(581, 7, 11, 55),
(582, 3, 12, 1),
(583, 3, 12, 3),
(584, 3, 12, 76),
(585, 3, 12, 60),
(586, 3, 12, 64),
(587, 3, 12, 66),
(588, 3, 12, 69),
(589, 3, 12, 75),
(590, 3, 12, 19),
(591, 3, 12, 6),
(592, 3, 12, 25),
(593, 3, 12, 32),
(594, 3, 12, 36),
(595, 4, 12, 56),
(596, 4, 12, 57),
(597, 4, 12, 58),
(598, 4, 12, 59),
(599, 4, 12, 61),
(600, 4, 12, 62),
(601, 4, 12, 65),
(602, 4, 12, 67),
(603, 4, 12, 68),
(604, 4, 12, 72),
(605, 4, 12, 74),
(606, 4, 12, 20),
(607, 4, 12, 17),
(608, 4, 12, 21),
(609, 4, 12, 26),
(610, 4, 12, 27),
(611, 4, 12, 33),
(612, 5, 12, 63),
(613, 5, 12, 70),
(614, 5, 12, 71),
(615, 5, 12, 73),
(616, 5, 12, 37),
(617, 5, 12, 38),
(618, 5, 12, 40),
(619, 5, 12, 2),
(620, 5, 12, 4),
(621, 5, 12, 5),
(622, 5, 12, 22),
(623, 5, 12, 30),
(624, 5, 12, 34),
(625, 6, 12, 41),
(626, 6, 12, 23),
(627, 6, 12, 28),
(628, 6, 12, 29),
(629, 6, 12, 31),
(630, 6, 12, 35),
(631, 7, 12, 55),
(632, 7, 12, 42),
(633, 7, 12, 39),
(634, 8, 12, 52),
(635, 8, 12, 53),
(636, 3, 13, 77),
(637, 3, 13, 64),
(638, 3, 13, 66),
(639, 3, 13, 17),
(640, 3, 13, 20),
(641, 3, 13, 68),
(642, 3, 13, 72),
(643, 3, 13, 74),
(644, 3, 13, 21),
(645, 3, 13, 26),
(646, 3, 13, 27),
(647, 3, 13, 33),
(648, 4, 13, 1),
(649, 4, 13, 3),
(650, 4, 13, 76),
(651, 4, 13, 60),
(652, 4, 13, 61),
(653, 4, 13, 62),
(654, 4, 13, 65),
(655, 4, 13, 67),
(656, 4, 13, 37),
(657, 4, 13, 38),
(658, 4, 13, 40),
(659, 4, 13, 70),
(660, 4, 13, 71),
(661, 4, 13, 73),
(662, 4, 13, 2),
(663, 4, 13, 4),
(664, 4, 13, 5),
(665, 4, 13, 22),
(666, 4, 13, 30),
(667, 4, 13, 34),
(668, 5, 13, 56),
(669, 5, 13, 57),
(670, 5, 13, 58),
(671, 5, 13, 59),
(672, 5, 13, 63),
(673, 5, 13, 41),
(674, 5, 13, 23),
(675, 5, 13, 28),
(676, 5, 13, 29),
(677, 5, 13, 31),
(678, 5, 13, 35),
(679, 6, 13, 42),
(680, 6, 13, 55),
(681, 6, 13, 39),
(682, 7, 13, 52),
(683, 7, 13, 53),
(684, 3, 14, 25),
(685, 3, 14, 32),
(686, 3, 14, 36),
(687, 3, 14, 17),
(688, 3, 14, 6),
(689, 3, 14, 7),
(690, 3, 14, 78),
(691, 3, 14, 20),
(692, 3, 14, 66),
(693, 3, 14, 68),
(694, 3, 14, 72),
(695, 3, 14, 74),
(696, 3, 14, 77),
(697, 3, 14, 64),
(698, 4, 14, 21),
(699, 4, 14, 26),
(700, 4, 14, 27),
(701, 4, 14, 33),
(702, 4, 14, 37),
(703, 4, 14, 38),
(704, 4, 14, 40),
(705, 4, 14, 65),
(706, 4, 14, 67),
(707, 4, 14, 70),
(708, 4, 14, 71),
(709, 4, 14, 73),
(710, 4, 14, 76),
(711, 4, 14, 60),
(712, 4, 14, 61),
(713, 4, 14, 62),
(714, 5, 14, 22),
(715, 5, 14, 30),
(716, 5, 14, 34),
(717, 5, 14, 41),
(718, 5, 14, 2),
(719, 5, 14, 4),
(720, 5, 14, 5),
(721, 5, 14, 1),
(722, 5, 14, 3),
(723, 5, 14, 63),
(724, 5, 14, 56),
(725, 5, 14, 57),
(726, 5, 14, 58),
(727, 5, 14, 59),
(728, 6, 14, 23),
(729, 6, 14, 28),
(730, 6, 14, 29),
(731, 6, 14, 31),
(732, 6, 14, 35),
(733, 6, 14, 42),
(734, 6, 14, 55),
(735, 7, 14, 39),
(736, 8, 14, 52),
(737, 8, 14, 53),
(738, 3, 15, 7),
(739, 3, 15, 78),
(740, 3, 15, 8),
(741, 3, 15, 11),
(742, 3, 15, 10),
(743, 3, 15, 66),
(744, 3, 15, 68),
(745, 3, 15, 72),
(746, 3, 15, 74),
(747, 3, 15, 77),
(748, 3, 15, 64),
(749, 4, 15, 25),
(750, 4, 15, 32),
(751, 4, 15, 36),
(752, 4, 15, 17),
(753, 4, 15, 6),
(754, 4, 15, 65),
(755, 4, 15, 67),
(756, 4, 15, 70),
(757, 4, 15, 71),
(758, 4, 15, 73),
(759, 4, 15, 76),
(760, 4, 15, 60),
(761, 4, 15, 61),
(762, 4, 15, 62),
(763, 5, 15, 1),
(764, 5, 15, 3),
(765, 5, 15, 21),
(766, 5, 15, 26),
(767, 5, 15, 27),
(768, 5, 15, 33),
(769, 5, 15, 37),
(770, 5, 15, 38),
(771, 5, 15, 40),
(772, 5, 15, 63),
(773, 5, 15, 56),
(774, 5, 15, 57),
(775, 5, 15, 58),
(776, 5, 15, 59),
(777, 5, 15, 41),
(778, 5, 15, 42),
(779, 6, 15, 22),
(780, 6, 15, 30),
(781, 6, 15, 34),
(782, 6, 15, 2),
(783, 6, 15, 4),
(784, 6, 15, 5),
(785, 6, 15, 55),
(786, 6, 15, 31),
(787, 6, 15, 35),
(788, 6, 15, 39),
(789, 7, 15, 23),
(790, 7, 15, 28),
(791, 7, 15, 29),
(792, 7, 15, 52),
(793, 7, 15, 53),
(794, 3, 16, 19),
(795, 3, 16, 69),
(796, 3, 16, 75),
(797, 3, 16, 80),
(798, 3, 16, 79),
(799, 3, 16, 6),
(800, 3, 16, 21),
(801, 3, 16, 26),
(802, 3, 16, 27),
(803, 3, 16, 33),
(804, 3, 16, 41),
(805, 4, 16, 7),
(806, 4, 16, 78),
(807, 4, 16, 66),
(808, 4, 16, 68),
(809, 4, 16, 72),
(810, 4, 16, 74),
(811, 4, 16, 77),
(812, 4, 16, 64),
(813, 4, 16, 22),
(814, 4, 16, 30),
(815, 4, 16, 34),
(816, 4, 16, 42),
(817, 5, 16, 65),
(818, 5, 16, 67),
(819, 5, 16, 70),
(820, 5, 16, 71),
(821, 5, 16, 73),
(822, 5, 16, 76),
(823, 5, 16, 60),
(824, 5, 16, 61),
(825, 5, 16, 62),
(826, 5, 16, 2),
(827, 5, 16, 4),
(828, 5, 16, 5),
(829, 5, 16, 23),
(830, 5, 16, 28),
(831, 5, 16, 29),
(832, 5, 16, 31),
(833, 5, 16, 35),
(834, 5, 16, 39),
(835, 6, 16, 1),
(836, 6, 16, 3),
(837, 6, 16, 63),
(838, 6, 16, 56),
(839, 6, 16, 57),
(840, 6, 16, 58),
(841, 6, 16, 59),
(842, 6, 16, 52),
(843, 6, 16, 53),
(844, 6, 16, 55),
(845, 3, 17, 25),
(846, 3, 17, 32),
(847, 3, 17, 13),
(848, 3, 17, 14),
(849, 3, 17, 10),
(850, 3, 17, 11),
(851, 3, 17, 42),
(852, 3, 17, 19),
(853, 4, 17, 21),
(854, 4, 17, 6),
(855, 4, 17, 26),
(856, 4, 17, 27),
(857, 4, 17, 33),
(858, 4, 17, 8),
(859, 4, 17, 12),
(860, 4, 17, 15),
(861, 4, 17, 31),
(862, 4, 17, 35),
(863, 4, 17, 39),
(864, 5, 17, 22),
(865, 5, 17, 30),
(866, 5, 17, 34),
(867, 5, 17, 69),
(868, 5, 17, 75),
(869, 5, 17, 80),
(870, 5, 17, 79),
(871, 5, 17, 52),
(872, 5, 17, 53),
(873, 5, 17, 55),
(874, 5, 17, 70),
(875, 6, 17, 23),
(876, 6, 17, 28),
(877, 6, 17, 2),
(878, 6, 17, 4),
(879, 6, 17, 5),
(880, 6, 17, 29),
(881, 6, 17, 7),
(882, 6, 17, 78),
(883, 6, 17, 66),
(884, 6, 17, 68),
(885, 6, 17, 72),
(886, 6, 17, 74),
(887, 6, 17, 77),
(888, 6, 17, 64),
(889, 6, 17, 63),
(890, 6, 17, 71),
(891, 6, 17, 73),
(892, 7, 17, 65),
(893, 7, 17, 67),
(894, 7, 17, 76),
(895, 7, 17, 60),
(896, 7, 17, 61),
(897, 7, 17, 62),
(898, 8, 17, 1),
(899, 8, 17, 3),
(900, 8, 17, 56),
(901, 8, 17, 57),
(902, 8, 17, 58),
(903, 8, 17, 59),
(904, 3, 19, 12),
(905, 3, 19, 16),
(906, 3, 19, 69),
(907, 3, 19, 75),
(908, 3, 19, 80),
(909, 3, 19, 79),
(910, 3, 19, 17),
(911, 4, 19, 7),
(912, 4, 19, 78),
(913, 4, 19, 8),
(914, 4, 19, 11),
(915, 4, 19, 10),
(916, 4, 19, 66),
(917, 4, 19, 68),
(918, 4, 19, 72),
(919, 4, 19, 74),
(920, 4, 19, 77),
(921, 4, 19, 64),
(922, 4, 19, 40),
(923, 4, 19, 41),
(924, 4, 19, 37),
(925, 4, 19, 38),
(926, 4, 19, 42),
(927, 5, 19, 25),
(928, 5, 19, 32),
(929, 5, 19, 36),
(930, 5, 19, 6),
(931, 5, 19, 65),
(932, 5, 19, 67),
(933, 5, 19, 70),
(934, 5, 19, 71),
(935, 5, 19, 73),
(936, 5, 19, 76),
(937, 5, 19, 60),
(938, 5, 19, 61),
(939, 5, 19, 62),
(940, 5, 19, 31),
(941, 5, 19, 35),
(942, 5, 19, 39),
(943, 6, 19, 1),
(944, 6, 19, 3),
(945, 6, 19, 21),
(946, 6, 19, 26),
(947, 6, 19, 27),
(948, 6, 19, 33),
(949, 6, 19, 63),
(950, 6, 19, 56),
(951, 6, 19, 57),
(952, 6, 19, 58),
(953, 6, 19, 59),
(954, 6, 19, 30),
(955, 6, 19, 34),
(956, 6, 19, 52),
(957, 6, 19, 53),
(958, 6, 19, 55),
(959, 7, 19, 22),
(960, 7, 19, 2),
(961, 7, 19, 4),
(962, 7, 19, 5),
(963, 8, 19, 23),
(964, 8, 19, 28),
(965, 8, 19, 29),
(966, 3, 20, 13),
(967, 3, 20, 14),
(968, 3, 20, 75),
(969, 3, 20, 69),
(970, 3, 20, 80),
(971, 3, 20, 36),
(972, 3, 20, 42),
(973, 4, 20, 12),
(974, 4, 20, 79),
(975, 4, 20, 72),
(976, 4, 20, 74),
(977, 4, 20, 66),
(978, 4, 20, 68),
(979, 4, 20, 25),
(980, 4, 20, 32),
(981, 4, 20, 10),
(982, 4, 20, 11),
(983, 4, 20, 31),
(984, 4, 20, 35),
(985, 4, 20, 39),
(986, 5, 20, 7),
(987, 5, 20, 78),
(988, 5, 20, 8),
(989, 5, 20, 77),
(990, 5, 20, 64),
(991, 5, 20, 73),
(992, 5, 20, 65),
(993, 5, 20, 67),
(994, 5, 20, 70),
(995, 5, 20, 71),
(996, 5, 20, 21),
(997, 5, 20, 6),
(998, 5, 20, 26),
(999, 5, 20, 27),
(1000, 5, 20, 33),
(1001, 5, 20, 30),
(1002, 5, 20, 34),
(1003, 5, 20, 52),
(1004, 5, 20, 53),
(1005, 5, 20, 55),
(1006, 6, 20, 76),
(1007, 6, 20, 60),
(1008, 6, 20, 61),
(1009, 6, 20, 62),
(1010, 6, 20, 63),
(1011, 6, 20, 22),
(1012, 7, 20, 1),
(1013, 7, 20, 3),
(1014, 7, 20, 56),
(1015, 7, 20, 57),
(1016, 7, 20, 58),
(1017, 7, 20, 59),
(1018, 7, 20, 23),
(1019, 7, 20, 28),
(1020, 7, 20, 2),
(1021, 7, 20, 4),
(1022, 7, 20, 5),
(1023, 7, 20, 29),
(1024, 3, 21, 2),
(1025, 3, 21, 4),
(1026, 3, 21, 5),
(1027, 3, 21, 11),
(1028, 3, 21, 13),
(1029, 3, 21, 33),
(1030, 3, 21, 16),
(1031, 4, 21, 8),
(1032, 4, 21, 12),
(1033, 4, 21, 14),
(1034, 4, 21, 30),
(1035, 4, 21, 34),
(1036, 4, 21, 37),
(1037, 4, 21, 17),
(1038, 5, 21, 15),
(1039, 5, 21, 29),
(1040, 5, 21, 31),
(1041, 5, 21, 35),
(1042, 5, 21, 38),
(1043, 5, 21, 40),
(1044, 5, 21, 20),
(1045, 6, 21, 19),
(1046, 6, 21, 69),
(1047, 6, 21, 75),
(1048, 6, 21, 80),
(1049, 6, 21, 79),
(1050, 6, 21, 39),
(1051, 6, 21, 41),
(1052, 6, 21, 42),
(1053, 7, 21, 7),
(1054, 7, 21, 78),
(1055, 7, 21, 66),
(1056, 7, 21, 68),
(1057, 7, 21, 72),
(1058, 7, 21, 74),
(1059, 7, 21, 77),
(1060, 7, 21, 64),
(1061, 7, 21, 52),
(1062, 7, 21, 53),
(1063, 7, 21, 55),
(1064, 8, 21, 65),
(1065, 8, 21, 67),
(1066, 8, 21, 70),
(1067, 8, 21, 71),
(1068, 8, 21, 73),
(1069, 8, 21, 76),
(1070, 8, 21, 60),
(1071, 8, 21, 61),
(1072, 8, 21, 62),
(1073, 8, 21, 63),
(1074, 9, 21, 1),
(1075, 9, 21, 3),
(1076, 9, 21, 56),
(1077, 9, 21, 57),
(1078, 9, 21, 58),
(1079, 9, 21, 59),
(1080, 3, 22, 6),
(1081, 3, 22, 10),
(1082, 3, 22, 32),
(1083, 3, 22, 36),
(1084, 4, 22, 2),
(1085, 4, 22, 4),
(1086, 4, 22, 5),
(1087, 4, 22, 11),
(1088, 4, 22, 13),
(1089, 4, 22, 33),
(1090, 4, 22, 16),
(1091, 5, 22, 8),
(1092, 5, 22, 12),
(1093, 5, 22, 14),
(1094, 5, 22, 30),
(1095, 5, 22, 34),
(1096, 5, 22, 37),
(1097, 5, 22, 17),
(1098, 6, 22, 15),
(1099, 6, 22, 29),
(1100, 6, 22, 31),
(1101, 6, 22, 35),
(1102, 6, 22, 38),
(1103, 6, 22, 40),
(1104, 6, 22, 20),
(1105, 7, 22, 19),
(1106, 7, 22, 69),
(1107, 7, 22, 75),
(1108, 7, 22, 80),
(1109, 7, 22, 79),
(1110, 7, 22, 39),
(1111, 7, 22, 41),
(1112, 7, 22, 42),
(1113, 8, 22, 7),
(1114, 8, 22, 78),
(1115, 8, 22, 66),
(1116, 8, 22, 68),
(1117, 8, 22, 72),
(1118, 8, 22, 74),
(1119, 8, 22, 77),
(1120, 8, 22, 64),
(1121, 8, 22, 52),
(1122, 8, 22, 53),
(1123, 8, 22, 55),
(1124, 9, 22, 65),
(1125, 9, 22, 67),
(1126, 9, 22, 70),
(1127, 9, 22, 71),
(1128, 9, 22, 73),
(1129, 9, 22, 76),
(1130, 9, 22, 60),
(1131, 9, 22, 61),
(1132, 9, 22, 62),
(1133, 9, 22, 63),
(1134, 10, 22, 1),
(1135, 10, 22, 3),
(1136, 10, 22, 56),
(1137, 10, 22, 57),
(1138, 10, 22, 58),
(1139, 10, 22, 59),
(1140, 4, 23, 6),
(1141, 4, 23, 10),
(1142, 4, 23, 32),
(1143, 4, 23, 36),
(1144, 5, 23, 2),
(1145, 5, 23, 4),
(1146, 5, 23, 5),
(1147, 5, 23, 11),
(1148, 5, 23, 13),
(1149, 5, 23, 33),
(1150, 5, 23, 16),
(1151, 6, 23, 8),
(1152, 6, 23, 12),
(1153, 6, 23, 14),
(1154, 6, 23, 30),
(1155, 6, 23, 34),
(1156, 6, 23, 37),
(1157, 6, 23, 17),
(1158, 7, 23, 15),
(1159, 7, 23, 29),
(1160, 7, 23, 31),
(1161, 7, 23, 35),
(1162, 7, 23, 38),
(1163, 7, 23, 40),
(1164, 7, 23, 20),
(1165, 8, 23, 19),
(1166, 8, 23, 69),
(1167, 8, 23, 75),
(1168, 8, 23, 80),
(1169, 8, 23, 79),
(1170, 8, 23, 39),
(1171, 8, 23, 41),
(1172, 8, 23, 42),
(1173, 9, 23, 7),
(1174, 9, 23, 78),
(1175, 9, 23, 66),
(1176, 9, 23, 68),
(1177, 9, 23, 72),
(1178, 9, 23, 74),
(1179, 9, 23, 77),
(1180, 9, 23, 64),
(1181, 9, 23, 52),
(1182, 9, 23, 53),
(1183, 9, 23, 55),
(1184, 10, 23, 65),
(1185, 10, 23, 67),
(1186, 10, 23, 70),
(1187, 10, 23, 71),
(1188, 10, 23, 73),
(1189, 10, 23, 76),
(1190, 10, 23, 60),
(1191, 10, 23, 61),
(1192, 10, 23, 62),
(1193, 10, 23, 63),
(1194, 11, 23, 1),
(1195, 11, 23, 3),
(1196, 11, 23, 56),
(1197, 11, 23, 57),
(1198, 11, 23, 58),
(1199, 11, 23, 59),
(1200, 3, 25, 2),
(1201, 3, 25, 4),
(1202, 3, 25, 5),
(1203, 3, 25, 29),
(1204, 3, 25, 31),
(1205, 3, 25, 35),
(1206, 3, 25, 37),
(1207, 3, 25, 17),
(1208, 3, 25, 14),
(1209, 3, 25, 8),
(1210, 3, 25, 12),
(1211, 4, 25, 39),
(1212, 4, 25, 41),
(1213, 4, 25, 42),
(1214, 4, 25, 38),
(1215, 4, 25, 40),
(1216, 4, 25, 20),
(1217, 4, 25, 15),
(1218, 5, 25, 52),
(1219, 5, 25, 53),
(1220, 5, 25, 55),
(1221, 5, 25, 19),
(1222, 5, 25, 69),
(1223, 5, 25, 75),
(1224, 5, 25, 80),
(1225, 5, 25, 79),
(1226, 6, 25, 70),
(1227, 6, 25, 63),
(1228, 6, 25, 7),
(1229, 6, 25, 78),
(1230, 6, 25, 66),
(1231, 6, 25, 68),
(1232, 6, 25, 72),
(1233, 6, 25, 74),
(1234, 6, 25, 77),
(1235, 6, 25, 64),
(1236, 7, 25, 71),
(1237, 7, 25, 73),
(1238, 7, 25, 67),
(1239, 7, 25, 65),
(1240, 7, 25, 76),
(1241, 7, 25, 60),
(1242, 7, 25, 61),
(1243, 7, 25, 62),
(1244, 8, 25, 1),
(1245, 8, 25, 3),
(1246, 8, 25, 56),
(1247, 8, 25, 57),
(1248, 8, 25, 58),
(1249, 8, 25, 59),
(1250, 3, 26, 6),
(1251, 3, 26, 10),
(1252, 3, 26, 16),
(1253, 3, 26, 11),
(1254, 3, 26, 13),
(1255, 3, 26, 29),
(1256, 3, 26, 31),
(1257, 3, 26, 35),
(1258, 4, 26, 2),
(1259, 4, 26, 4),
(1260, 4, 26, 5),
(1261, 4, 26, 37),
(1262, 4, 26, 17),
(1263, 4, 26, 14),
(1264, 4, 26, 8),
(1265, 4, 26, 12),
(1266, 4, 26, 39),
(1267, 4, 26, 41),
(1268, 4, 26, 42),
(1269, 5, 26, 38),
(1270, 5, 26, 40),
(1271, 5, 26, 20),
(1272, 5, 26, 15),
(1273, 5, 26, 52),
(1274, 5, 26, 53),
(1275, 5, 26, 55),
(1276, 6, 26, 19),
(1277, 6, 26, 69),
(1278, 6, 26, 75),
(1279, 6, 26, 80),
(1280, 6, 26, 79),
(1281, 6, 26, 70),
(1282, 6, 26, 63),
(1283, 7, 26, 7),
(1284, 7, 26, 78),
(1285, 7, 26, 66),
(1286, 7, 26, 68),
(1287, 7, 26, 72),
(1288, 7, 26, 74),
(1289, 7, 26, 77),
(1290, 7, 26, 64),
(1291, 7, 26, 71),
(1292, 7, 26, 73),
(1293, 7, 26, 67),
(1294, 8, 26, 65),
(1295, 8, 26, 76),
(1296, 8, 26, 60),
(1297, 8, 26, 61),
(1298, 8, 26, 62),
(1299, 9, 26, 1),
(1300, 9, 26, 3),
(1301, 9, 26, 56),
(1302, 9, 26, 57),
(1303, 9, 26, 58),
(1304, 9, 26, 59),
(1305, 3, 27, 6),
(1306, 3, 27, 10),
(1307, 3, 27, 16),
(1308, 3, 27, 11),
(1309, 3, 27, 13),
(1310, 3, 27, 39),
(1311, 3, 27, 41),
(1312, 3, 27, 42),
(1313, 4, 27, 37),
(1314, 4, 27, 17),
(1315, 4, 27, 14),
(1316, 4, 27, 8),
(1317, 4, 27, 12),
(1318, 4, 27, 52),
(1319, 4, 27, 53),
(1320, 4, 27, 55),
(1321, 5, 27, 2),
(1322, 5, 27, 4),
(1323, 5, 27, 5),
(1324, 5, 27, 38),
(1325, 5, 27, 40),
(1326, 5, 27, 20),
(1327, 5, 27, 15),
(1328, 5, 27, 70),
(1329, 5, 27, 63),
(1330, 6, 27, 19),
(1331, 6, 27, 69),
(1332, 6, 27, 75),
(1333, 6, 27, 80),
(1334, 6, 27, 79),
(1335, 6, 27, 71),
(1336, 6, 27, 73),
(1337, 6, 27, 74),
(1338, 6, 27, 67),
(1339, 7, 27, 7),
(1340, 7, 27, 78),
(1341, 7, 27, 66),
(1342, 7, 27, 68),
(1343, 7, 27, 72),
(1344, 7, 27, 77),
(1345, 7, 27, 64),
(1346, 7, 27, 62),
(1347, 7, 27, 65),
(1348, 8, 27, 76),
(1349, 8, 27, 60),
(1350, 8, 27, 61),
(1351, 9, 27, 1),
(1352, 9, 27, 3),
(1353, 9, 27, 56),
(1354, 9, 27, 57),
(1355, 9, 27, 58),
(1356, 9, 27, 59),
(1357, 3, 28, 32),
(1358, 3, 28, 31),
(1359, 3, 28, 35),
(1360, 4, 28, 6),
(1361, 4, 28, 10),
(1362, 4, 28, 36),
(1363, 4, 28, 39),
(1364, 4, 28, 41),
(1365, 4, 28, 42),
(1366, 5, 28, 2),
(1367, 5, 28, 4),
(1368, 5, 28, 5),
(1369, 5, 28, 11),
(1370, 5, 28, 13),
(1371, 5, 28, 16),
(1372, 5, 28, 52),
(1373, 5, 28, 53),
(1374, 5, 28, 55),
(1375, 6, 28, 8),
(1376, 6, 28, 12),
(1377, 6, 28, 14),
(1378, 6, 28, 37),
(1379, 6, 28, 17),
(1380, 6, 28, 40),
(1381, 6, 28, 70),
(1382, 6, 28, 63),
(1383, 7, 28, 15),
(1384, 7, 28, 38),
(1385, 7, 28, 20),
(1386, 7, 28, 71),
(1387, 7, 28, 73),
(1388, 7, 28, 74),
(1389, 7, 28, 67),
(1390, 8, 28, 19),
(1391, 8, 28, 69),
(1392, 8, 28, 75),
(1393, 8, 28, 80),
(1394, 8, 28, 79),
(1395, 8, 28, 68),
(1396, 8, 28, 72),
(1397, 8, 28, 62),
(1398, 8, 28, 65),
(1399, 9, 28, 7),
(1400, 9, 28, 78),
(1401, 9, 28, 66),
(1402, 9, 28, 77),
(1403, 9, 28, 64),
(1404, 9, 28, 61),
(1405, 10, 28, 76),
(1406, 10, 28, 60),
(1407, 10, 28, 59),
(1408, 11, 28, 1),
(1409, 11, 28, 3),
(1410, 11, 28, 56),
(1411, 11, 28, 57),
(1412, 11, 28, 58),
(1413, 3, 29, 25),
(1414, 3, 29, 26),
(1415, 3, 29, 32),
(1416, 3, 29, 31),
(1417, 3, 29, 35),
(1418, 4, 29, 36),
(1419, 4, 29, 39),
(1420, 4, 29, 41),
(1421, 4, 29, 42),
(1422, 5, 29, 21),
(1423, 5, 29, 6),
(1424, 5, 29, 10),
(1425, 5, 29, 16),
(1426, 5, 29, 11),
(1427, 5, 29, 13),
(1428, 5, 29, 53),
(1429, 5, 29, 55),
(1430, 6, 29, 22),
(1431, 6, 29, 37),
(1432, 6, 29, 17),
(1433, 6, 29, 14),
(1434, 6, 29, 8),
(1435, 6, 29, 12),
(1436, 6, 29, 40),
(1437, 6, 29, 70),
(1438, 6, 29, 63),
(1439, 7, 29, 23),
(1440, 7, 29, 2),
(1441, 7, 29, 4),
(1442, 7, 29, 5),
(1443, 7, 29, 38),
(1444, 7, 29, 20),
(1445, 7, 29, 15),
(1446, 7, 29, 71),
(1447, 7, 29, 73),
(1448, 7, 29, 74),
(1449, 7, 29, 67),
(1450, 8, 29, 19),
(1451, 8, 29, 69),
(1452, 8, 29, 75),
(1453, 8, 29, 80),
(1454, 8, 29, 79),
(1455, 8, 29, 68),
(1456, 8, 29, 72),
(1457, 8, 29, 62),
(1458, 8, 29, 65),
(1459, 9, 29, 7),
(1460, 9, 29, 78),
(1461, 9, 29, 66),
(1462, 9, 29, 77),
(1463, 9, 29, 64),
(1464, 9, 29, 61),
(1465, 10, 29, 76),
(1466, 10, 29, 60),
(1467, 10, 29, 59),
(1468, 11, 29, 1),
(1469, 11, 29, 3),
(1470, 11, 29, 56),
(1471, 11, 29, 57),
(1472, 11, 29, 58),
(1473, 3, 30, 36),
(1474, 3, 30, 63),
(1475, 3, 30, 70),
(1476, 4, 30, 21),
(1477, 4, 30, 6),
(1478, 4, 30, 10),
(1479, 4, 30, 16),
(1480, 4, 30, 11),
(1481, 4, 30, 13),
(1482, 4, 30, 40),
(1483, 4, 30, 67),
(1484, 4, 30, 71),
(1485, 4, 30, 73),
(1486, 5, 30, 22),
(1487, 5, 30, 37),
(1488, 5, 30, 17),
(1489, 5, 30, 14),
(1490, 5, 30, 8),
(1491, 5, 30, 12),
(1492, 5, 30, 20),
(1493, 5, 30, 38),
(1494, 5, 30, 74),
(1495, 5, 30, 62),
(1496, 5, 30, 65),
(1497, 5, 30, 68),
(1498, 5, 30, 72),
(1499, 6, 30, 23),
(1500, 6, 30, 2),
(1501, 6, 30, 4),
(1502, 6, 30, 5),
(1503, 6, 30, 15),
(1504, 6, 30, 19),
(1505, 6, 30, 75),
(1506, 6, 30, 61),
(1507, 6, 30, 64),
(1508, 6, 30, 66),
(1509, 6, 30, 69),
(1510, 7, 30, 80),
(1511, 7, 30, 79),
(1512, 7, 30, 60),
(1513, 7, 30, 59),
(1514, 8, 30, 7),
(1515, 8, 30, 78),
(1516, 8, 30, 77),
(1517, 8, 30, 56),
(1518, 8, 30, 57),
(1519, 8, 30, 58),
(1520, 8, 30, 76),
(1521, 10, 30, 1),
(1522, 10, 30, 3),
(1523, 3, 31, 25),
(1524, 3, 31, 26),
(1525, 3, 31, 32),
(1526, 3, 31, 28),
(1527, 3, 31, 29),
(1528, 3, 31, 40),
(1529, 3, 31, 70),
(1530, 3, 31, 63),
(1531, 4, 31, 36),
(1532, 4, 31, 17),
(1533, 4, 31, 20),
(1534, 4, 31, 37),
(1535, 4, 31, 38),
(1536, 4, 31, 71),
(1537, 4, 31, 73),
(1538, 4, 31, 74),
(1539, 4, 31, 67),
(1540, 5, 31, 21),
(1541, 5, 31, 6),
(1542, 5, 31, 10),
(1543, 5, 31, 16),
(1544, 5, 31, 11),
(1545, 5, 31, 13),
(1546, 5, 31, 19),
(1547, 5, 31, 68),
(1548, 5, 31, 72),
(1549, 5, 31, 75),
(1550, 5, 31, 62),
(1551, 5, 31, 65),
(1552, 6, 31, 22),
(1553, 6, 31, 14),
(1554, 6, 31, 8),
(1555, 6, 31, 12),
(1556, 6, 31, 15),
(1557, 6, 31, 66),
(1558, 6, 31, 69),
(1559, 6, 31, 80),
(1560, 6, 31, 61),
(1561, 6, 31, 64),
(1562, 7, 31, 23),
(1563, 7, 31, 2),
(1564, 7, 31, 4),
(1565, 7, 31, 5),
(1566, 7, 31, 79),
(1567, 7, 31, 60),
(1568, 7, 31, 59),
(1569, 8, 31, 7),
(1570, 8, 31, 78),
(1571, 8, 31, 77),
(1572, 8, 31, 56),
(1573, 8, 31, 57),
(1574, 8, 31, 58),
(1575, 8, 31, 76),
(1576, 10, 31, 1),
(1577, 10, 31, 3),
(1578, 3, 32, 28),
(1579, 3, 32, 29),
(1580, 3, 32, 31),
(1581, 3, 32, 35),
(1582, 3, 32, 22),
(1583, 3, 32, 37),
(1584, 3, 32, 17),
(1585, 3, 32, 14),
(1586, 3, 32, 8),
(1587, 3, 32, 12),
(1588, 4, 32, 39),
(1589, 4, 32, 41),
(1590, 4, 32, 42),
(1591, 4, 32, 23),
(1592, 4, 32, 2),
(1593, 4, 32, 4),
(1594, 4, 32, 5),
(1595, 4, 32, 38),
(1596, 4, 32, 40),
(1597, 4, 32, 20),
(1598, 4, 32, 15),
(1599, 5, 32, 52),
(1600, 5, 32, 53),
(1601, 5, 32, 55),
(1602, 5, 32, 19),
(1603, 5, 32, 69),
(1604, 5, 32, 75),
(1605, 5, 32, 80),
(1606, 5, 32, 79),
(1607, 6, 32, 70),
(1608, 6, 32, 63),
(1609, 6, 32, 7),
(1610, 6, 32, 78),
(1611, 6, 32, 66),
(1612, 6, 32, 68),
(1613, 6, 32, 72),
(1614, 6, 32, 74),
(1615, 6, 32, 77),
(1616, 6, 32, 64),
(1617, 7, 32, 71),
(1618, 7, 32, 73),
(1619, 7, 32, 67),
(1620, 7, 32, 65),
(1621, 7, 32, 76),
(1622, 7, 32, 60),
(1623, 7, 32, 61),
(1624, 7, 32, 62),
(1625, 8, 32, 1),
(1626, 8, 32, 3),
(1627, 8, 32, 56),
(1628, 8, 32, 57),
(1629, 8, 32, 58),
(1630, 8, 32, 59),
(1631, 3, 33, 21),
(1632, 3, 33, 6),
(1633, 3, 33, 10),
(1634, 3, 33, 16),
(1635, 3, 33, 11),
(1636, 3, 33, 13),
(1637, 3, 33, 39),
(1638, 3, 33, 41),
(1639, 3, 33, 42),
(1640, 4, 33, 22),
(1641, 4, 33, 37),
(1642, 4, 33, 17),
(1643, 4, 33, 14),
(1644, 4, 33, 8),
(1645, 4, 33, 12),
(1646, 4, 33, 52),
(1647, 4, 33, 53),
(1648, 4, 33, 55),
(1649, 5, 33, 23),
(1650, 5, 33, 2),
(1651, 5, 33, 4),
(1652, 5, 33, 5),
(1653, 5, 33, 40),
(1654, 5, 33, 20),
(1655, 5, 33, 15),
(1656, 5, 33, 70),
(1657, 5, 33, 63),
(1658, 6, 33, 19),
(1659, 6, 33, 69),
(1660, 6, 33, 75),
(1661, 6, 33, 80),
(1662, 6, 33, 79),
(1663, 6, 33, 71),
(1664, 6, 33, 73),
(1665, 6, 33, 74),
(1666, 6, 33, 67),
(1667, 7, 33, 7),
(1668, 7, 33, 78),
(1669, 7, 33, 66),
(1670, 7, 33, 68),
(1671, 7, 33, 72),
(1672, 7, 33, 77),
(1673, 7, 33, 64),
(1674, 7, 33, 62),
(1675, 7, 33, 65),
(1676, 8, 33, 76),
(1677, 8, 33, 60),
(1678, 8, 33, 61),
(1679, 9, 33, 1),
(1680, 9, 33, 3),
(1681, 9, 33, 56),
(1682, 9, 33, 57),
(1683, 9, 33, 58),
(1684, 9, 33, 59),
(1685, 3, 34, 36),
(1686, 3, 34, 52),
(1687, 3, 34, 53),
(1688, 3, 34, 55),
(1689, 4, 34, 21),
(1690, 4, 34, 6),
(1691, 4, 34, 10),
(1692, 4, 34, 16),
(1693, 4, 34, 11),
(1694, 4, 34, 13),
(1695, 4, 34, 40),
(1696, 4, 34, 70),
(1697, 4, 34, 63),
(1698, 5, 34, 22),
(1699, 5, 34, 37),
(1700, 5, 34, 17),
(1701, 5, 34, 14),
(1702, 5, 34, 8),
(1703, 5, 34, 12),
(1704, 5, 34, 20),
(1705, 5, 34, 71),
(1706, 5, 34, 73),
(1707, 5, 34, 74),
(1708, 5, 34, 67),
(1709, 6, 34, 23),
(1710, 6, 34, 2),
(1711, 6, 34, 4),
(1712, 6, 34, 5),
(1713, 6, 34, 15),
(1714, 6, 34, 19),
(1715, 6, 34, 68),
(1716, 6, 34, 72),
(1717, 6, 34, 75),
(1718, 6, 34, 62),
(1719, 6, 34, 65),
(1720, 7, 34, 69),
(1721, 7, 34, 80),
(1722, 7, 34, 79),
(1723, 7, 34, 66),
(1724, 7, 34, 61),
(1725, 7, 34, 64),
(1726, 8, 34, 7),
(1727, 8, 34, 78),
(1728, 8, 34, 77),
(1729, 8, 34, 60),
(1730, 8, 34, 59),
(1731, 9, 34, 76),
(1732, 9, 34, 56),
(1733, 9, 34, 57),
(1734, 9, 34, 58),
(1735, 10, 34, 1),
(1736, 10, 34, 3),
(1737, 3, 35, 25),
(1738, 3, 35, 26),
(1739, 3, 35, 32),
(1740, 3, 35, 28),
(1741, 3, 35, 29),
(1742, 3, 35, 40),
(1743, 3, 35, 70),
(1744, 3, 35, 63),
(1745, 4, 35, 36),
(1746, 4, 35, 17),
(1747, 4, 35, 20),
(1748, 4, 35, 37),
(1749, 4, 35, 38),
(1750, 4, 35, 71),
(1751, 4, 35, 73),
(1752, 4, 35, 74),
(1753, 4, 35, 67),
(1754, 5, 35, 21),
(1755, 5, 35, 6),
(1756, 5, 35, 10),
(1757, 5, 35, 16),
(1758, 5, 35, 11),
(1759, 5, 35, 13),
(1760, 5, 35, 19),
(1761, 5, 35, 68),
(1762, 5, 35, 72),
(1763, 5, 35, 75),
(1764, 5, 35, 62),
(1765, 5, 35, 65),
(1766, 6, 35, 22),
(1767, 6, 35, 14),
(1768, 6, 35, 8),
(1769, 6, 35, 12),
(1770, 6, 35, 15),
(1771, 6, 35, 66),
(1772, 6, 35, 69),
(1773, 6, 35, 80),
(1774, 6, 35, 61),
(1775, 6, 35, 64),
(1776, 7, 35, 23),
(1777, 7, 35, 2),
(1778, 7, 35, 4),
(1779, 7, 35, 5),
(1780, 7, 35, 79),
(1781, 7, 35, 60),
(1782, 7, 35, 59),
(1783, 8, 35, 7),
(1784, 8, 35, 78),
(1785, 8, 35, 77),
(1786, 8, 35, 56),
(1787, 8, 35, 57),
(1788, 8, 35, 58),
(1789, 8, 35, 76),
(1790, 10, 35, 1),
(1791, 10, 35, 3),
(1792, 3, 36, 22),
(1793, 3, 36, 30),
(1794, 3, 36, 34),
(1795, 3, 36, 14),
(1796, 3, 36, 8),
(1797, 3, 36, 12),
(1798, 3, 36, 20),
(1799, 3, 36, 41),
(1800, 4, 36, 23),
(1801, 4, 36, 28),
(1802, 4, 36, 2),
(1803, 4, 36, 4),
(1804, 4, 36, 5),
(1805, 4, 36, 29),
(1806, 4, 36, 31),
(1807, 4, 36, 35),
(1808, 4, 36, 15),
(1809, 4, 36, 42),
(1810, 5, 36, 39),
(1811, 5, 36, 19),
(1812, 5, 36, 69),
(1813, 5, 36, 75),
(1814, 5, 36, 80),
(1815, 5, 36, 79),
(1816, 6, 36, 52),
(1817, 6, 36, 53),
(1818, 6, 36, 55),
(1819, 6, 36, 7),
(1820, 6, 36, 78),
(1821, 6, 36, 66),
(1822, 6, 36, 68),
(1823, 6, 36, 72),
(1824, 6, 36, 74),
(1825, 6, 36, 77),
(1826, 6, 36, 64),
(1827, 6, 36, 70),
(1828, 7, 36, 63),
(1829, 7, 36, 65),
(1830, 7, 36, 67),
(1831, 7, 36, 71),
(1832, 7, 36, 73),
(1833, 7, 36, 76),
(1834, 7, 36, 60),
(1835, 7, 36, 61),
(1836, 7, 36, 62),
(1837, 8, 36, 1),
(1838, 8, 36, 3),
(1839, 8, 36, 56),
(1840, 8, 36, 57),
(1841, 8, 36, 58),
(1842, 8, 36, 59),
(1843, 3, 37, 25),
(1844, 3, 37, 32),
(1845, 3, 37, 42),
(1846, 4, 37, 21),
(1847, 4, 37, 6),
(1848, 4, 37, 10),
(1849, 4, 37, 26),
(1850, 4, 37, 27),
(1851, 4, 37, 33),
(1852, 4, 37, 11),
(1853, 4, 37, 13),
(1854, 4, 37, 14),
(1855, 4, 37, 19),
(1856, 4, 37, 31),
(1857, 4, 37, 35),
(1858, 4, 37, 39),
(1859, 5, 37, 22),
(1860, 5, 37, 30),
(1861, 5, 37, 34),
(1862, 5, 37, 8),
(1863, 5, 37, 12),
(1864, 5, 37, 15),
(1865, 5, 37, 52),
(1866, 5, 37, 53),
(1867, 5, 37, 55),
(1868, 5, 37, 70),
(1869, 6, 37, 23),
(1870, 6, 37, 28),
(1871, 6, 37, 2),
(1872, 6, 37, 4),
(1873, 6, 37, 5),
(1874, 6, 37, 29),
(1875, 6, 37, 69),
(1876, 6, 37, 75),
(1877, 6, 37, 80),
(1878, 6, 37, 79),
(1879, 6, 37, 63),
(1880, 6, 37, 71),
(1881, 6, 37, 73),
(1882, 6, 37, 74),
(1883, 7, 37, 7),
(1884, 7, 37, 78),
(1885, 7, 37, 66),
(1886, 7, 37, 68),
(1887, 7, 37, 72),
(1888, 7, 37, 77),
(1889, 7, 37, 64),
(1890, 7, 37, 67),
(1891, 8, 37, 65),
(1892, 8, 37, 76),
(1893, 8, 37, 60),
(1894, 8, 37, 61),
(1895, 8, 37, 62),
(1896, 9, 37, 1),
(1897, 9, 37, 3),
(1898, 9, 37, 56),
(1899, 9, 37, 57),
(1900, 9, 37, 58),
(1901, 9, 37, 59),
(1902, 3, 38, 42),
(1903, 4, 38, 25),
(1904, 4, 38, 32),
(1905, 4, 38, 13),
(1906, 4, 38, 14),
(1907, 4, 38, 10),
(1908, 4, 38, 11),
(1909, 4, 38, 19),
(1910, 4, 38, 31),
(1911, 4, 38, 35),
(1912, 5, 38, 21),
(1913, 5, 38, 6),
(1914, 5, 38, 26),
(1915, 5, 38, 27),
(1916, 5, 38, 8),
(1917, 5, 38, 12),
(1918, 5, 38, 15),
(1919, 5, 38, 30),
(1920, 5, 38, 52),
(1921, 5, 38, 53),
(1922, 5, 38, 55),
(1923, 5, 38, 70),
(1924, 6, 38, 22),
(1925, 6, 38, 69),
(1926, 6, 38, 75),
(1927, 6, 38, 80),
(1928, 6, 38, 79),
(1929, 6, 38, 63),
(1930, 6, 38, 71),
(1931, 6, 38, 73),
(1932, 6, 38, 74),
(1933, 7, 38, 23),
(1934, 7, 38, 28),
(1935, 7, 38, 2),
(1936, 7, 38, 4),
(1937, 7, 38, 5),
(1938, 7, 38, 29),
(1939, 7, 38, 7),
(1940, 7, 38, 78),
(1941, 7, 38, 66),
(1942, 7, 38, 68),
(1943, 7, 38, 72),
(1944, 7, 38, 77),
(1945, 7, 38, 64),
(1946, 7, 38, 67),
(1947, 8, 38, 65),
(1948, 8, 38, 76),
(1949, 8, 38, 60),
(1950, 8, 38, 61),
(1951, 8, 38, 62),
(1952, 9, 38, 1),
(1953, 9, 38, 3),
(1954, 9, 38, 56),
(1955, 9, 38, 57),
(1956, 9, 38, 58),
(1957, 9, 38, 59),
(1958, 3, 39, 27),
(1959, 3, 39, 33),
(1960, 3, 39, 40),
(1961, 3, 39, 70),
(1962, 3, 39, 63),
(1963, 4, 39, 25),
(1964, 4, 39, 26),
(1965, 4, 39, 32),
(1966, 4, 39, 28),
(1967, 4, 39, 29),
(1968, 4, 39, 17),
(1969, 4, 39, 20),
(1970, 4, 39, 37),
(1971, 4, 39, 71),
(1972, 4, 39, 73),
(1973, 4, 39, 74),
(1974, 4, 39, 67),
(1975, 5, 39, 36),
(1976, 5, 39, 16),
(1977, 5, 39, 19),
(1978, 5, 39, 68),
(1979, 5, 39, 72),
(1980, 5, 39, 75),
(1981, 5, 39, 62),
(1982, 5, 39, 65),
(1983, 6, 39, 21),
(1984, 6, 39, 6),
(1985, 6, 39, 10),
(1986, 6, 39, 11),
(1987, 6, 39, 13),
(1988, 6, 39, 15),
(1989, 6, 39, 66),
(1990, 6, 39, 69),
(1991, 6, 39, 80),
(1992, 6, 39, 61),
(1993, 6, 39, 64),
(1994, 7, 39, 22),
(1995, 7, 39, 14),
(1996, 7, 39, 8),
(1997, 7, 39, 12),
(1998, 7, 39, 79),
(1999, 7, 39, 60),
(2000, 7, 39, 59),
(2001, 8, 39, 23),
(2002, 8, 39, 2),
(2003, 8, 39, 4),
(2004, 8, 39, 5),
(2005, 8, 39, 7),
(2006, 8, 39, 78),
(2007, 8, 39, 77),
(2008, 8, 39, 56),
(2009, 8, 39, 57),
(2010, 8, 39, 58),
(2011, 8, 39, 76),
(2012, 10, 39, 1),
(2013, 10, 39, 3),
(2014, 3, 40, 31),
(2015, 3, 40, 35),
(2016, 3, 40, 39),
(2017, 4, 40, 19),
(2018, 4, 40, 30),
(2019, 4, 40, 34),
(2020, 4, 40, 52),
(2021, 4, 40, 53),
(2022, 4, 40, 55),
(2023, 4, 40, 70),
(2024, 4, 40, 25),
(2025, 4, 40, 32),
(2026, 4, 40, 13),
(2027, 4, 40, 14),
(2028, 4, 40, 10),
(2029, 4, 40, 11),
(2030, 5, 40, 15),
(2031, 5, 40, 27),
(2032, 5, 40, 33),
(2033, 5, 40, 63),
(2034, 5, 40, 71),
(2035, 5, 40, 73),
(2036, 5, 40, 74),
(2037, 5, 40, 21),
(2038, 5, 40, 6),
(2039, 5, 40, 26),
(2040, 5, 40, 8),
(2041, 5, 40, 12),
(2042, 6, 40, 75),
(2043, 6, 40, 69),
(2044, 6, 40, 80),
(2045, 6, 40, 28),
(2046, 6, 40, 29),
(2047, 6, 40, 67),
(2048, 6, 40, 68),
(2049, 6, 40, 72),
(2050, 6, 40, 22),
(2051, 6, 40, 79),
(2052, 7, 40, 66),
(2053, 7, 40, 62),
(2054, 7, 40, 65),
(2055, 7, 40, 23),
(2056, 7, 40, 2),
(2057, 7, 40, 4),
(2058, 7, 40, 5),
(2059, 7, 40, 7),
(2060, 7, 40, 78),
(2061, 7, 40, 77),
(2062, 7, 40, 64),
(2063, 8, 40, 61),
(2064, 8, 40, 76),
(2065, 8, 40, 60),
(2066, 9, 40, 59),
(2067, 9, 40, 1),
(2068, 9, 40, 3),
(2069, 9, 40, 56),
(2070, 9, 40, 57),
(2071, 9, 40, 58),
(2072, 3, 41, 16),
(2073, 3, 41, 36),
(2074, 3, 41, 27),
(2075, 3, 41, 33),
(2076, 3, 41, 70),
(2077, 3, 41, 63),
(2078, 4, 41, 19),
(2079, 4, 41, 25),
(2080, 4, 41, 26),
(2081, 4, 41, 32),
(2082, 4, 41, 28),
(2083, 4, 41, 29),
(2084, 4, 41, 71),
(2085, 4, 41, 73),
(2086, 4, 41, 74),
(2087, 4, 41, 67),
(2088, 5, 41, 13),
(2089, 5, 41, 14),
(2090, 5, 41, 10),
(2091, 5, 41, 11),
(2092, 5, 41, 15),
(2093, 5, 41, 68),
(2094, 5, 41, 72),
(2095, 5, 41, 75),
(2096, 5, 41, 62),
(2097, 5, 41, 65),
(2098, 6, 41, 21),
(2099, 6, 41, 6),
(2100, 6, 41, 8),
(2101, 6, 41, 12),
(2102, 6, 41, 69),
(2103, 6, 41, 80),
(2104, 6, 41, 66),
(2105, 6, 41, 61),
(2106, 6, 41, 64),
(2107, 7, 41, 22),
(2108, 7, 41, 79),
(2109, 7, 41, 60),
(2110, 7, 41, 59),
(2111, 8, 41, 23),
(2112, 8, 41, 2),
(2113, 8, 41, 4),
(2114, 8, 41, 5),
(2115, 8, 41, 7),
(2116, 8, 41, 78),
(2117, 8, 41, 77),
(2118, 8, 41, 56),
(2119, 8, 41, 57),
(2120, 8, 41, 58),
(2121, 8, 41, 76),
(2122, 10, 41, 1),
(2123, 10, 41, 3),
(2124, 3, 42, 27),
(2125, 3, 42, 33),
(2126, 3, 42, 63),
(2127, 3, 42, 17),
(2128, 3, 42, 20),
(2129, 3, 42, 37),
(2130, 3, 42, 38),
(2131, 3, 42, 71),
(2132, 3, 42, 73),
(2133, 3, 42, 74),
(2134, 4, 42, 25),
(2135, 4, 42, 26),
(2136, 4, 42, 32),
(2137, 4, 42, 28),
(2138, 4, 42, 29),
(2139, 4, 42, 67),
(2140, 4, 42, 16),
(2141, 4, 42, 36),
(2142, 4, 42, 19),
(2143, 4, 42, 68),
(2144, 4, 42, 72),
(2145, 4, 42, 75),
(2146, 5, 42, 62),
(2147, 5, 42, 65),
(2148, 5, 42, 15),
(2149, 5, 42, 66),
(2150, 5, 42, 69),
(2151, 5, 42, 80),
(2152, 6, 42, 21),
(2153, 6, 42, 6),
(2154, 6, 42, 10),
(2155, 6, 42, 11),
(2156, 6, 42, 13),
(2157, 6, 42, 61),
(2158, 6, 42, 64),
(2159, 6, 42, 14),
(2160, 6, 42, 79),
(2161, 7, 42, 22),
(2162, 7, 42, 8),
(2163, 7, 42, 12),
(2164, 7, 42, 60),
(2165, 7, 42, 59),
(2166, 7, 42, 7),
(2167, 7, 42, 78),
(2168, 7, 42, 77),
(2169, 8, 42, 23),
(2170, 8, 42, 2),
(2171, 8, 42, 4),
(2172, 8, 42, 5),
(2173, 8, 42, 56),
(2174, 8, 42, 57),
(2175, 8, 42, 58),
(2176, 8, 42, 76),
(2177, 9, 42, 1),
(2178, 9, 42, 3),
(2179, 3, 52, 34),
(2180, 3, 52, 63),
(2181, 3, 52, 70),
(2182, 4, 52, 27),
(2183, 4, 52, 33),
(2184, 4, 52, 40),
(2185, 4, 52, 67),
(2186, 4, 52, 71),
(2187, 4, 52, 73),
(2188, 5, 52, 25),
(2189, 5, 52, 26),
(2190, 5, 52, 32),
(2191, 5, 52, 28),
(2192, 5, 52, 17),
(2193, 5, 52, 20),
(2194, 5, 52, 37),
(2195, 5, 52, 38),
(2196, 5, 52, 74),
(2197, 5, 52, 62),
(2198, 5, 52, 65),
(2199, 5, 52, 68),
(2200, 5, 52, 72),
(2201, 6, 52, 36),
(2202, 6, 52, 16),
(2203, 6, 52, 19),
(2204, 6, 52, 75),
(2205, 6, 52, 61),
(2206, 6, 52, 64),
(2207, 6, 52, 66),
(2208, 6, 52, 69),
(2209, 7, 52, 21),
(2210, 7, 52, 6),
(2211, 7, 52, 10),
(2212, 7, 52, 11),
(2213, 7, 52, 13),
(2214, 7, 52, 15),
(2215, 7, 52, 80),
(2216, 7, 52, 60),
(2217, 7, 52, 59),
(2218, 7, 52, 79),
(2219, 8, 52, 22),
(2220, 8, 52, 14),
(2221, 8, 52, 8),
(2222, 8, 52, 12),
(2223, 8, 52, 56),
(2224, 8, 52, 57),
(2225, 8, 52, 58),
(2226, 8, 52, 76),
(2227, 8, 52, 77),
(2228, 8, 52, 78),
(2229, 9, 52, 23),
(2230, 9, 52, 2),
(2231, 9, 52, 4),
(2232, 9, 52, 5),
(2233, 9, 52, 7),
(2234, 10, 52, 1),
(2235, 10, 52, 3),
(2236, 3, 53, 34),
(2237, 3, 53, 63),
(2238, 3, 53, 70),
(2239, 4, 53, 27),
(2240, 4, 53, 33),
(2241, 4, 53, 40),
(2242, 4, 53, 67),
(2243, 4, 53, 71),
(2244, 4, 53, 73),
(2245, 5, 53, 25),
(2246, 5, 53, 26),
(2247, 5, 53, 32),
(2248, 5, 53, 28),
(2249, 5, 53, 29),
(2250, 5, 53, 17),
(2251, 5, 53, 20),
(2252, 5, 53, 37),
(2253, 5, 53, 38),
(2254, 5, 53, 74),
(2255, 5, 53, 62),
(2256, 5, 53, 65),
(2257, 5, 53, 68),
(2258, 5, 53, 72),
(2259, 6, 53, 36),
(2260, 6, 53, 16),
(2261, 6, 53, 19),
(2262, 6, 53, 75),
(2263, 6, 53, 61),
(2264, 6, 53, 64),
(2265, 6, 53, 66),
(2266, 6, 53, 69),
(2267, 7, 53, 21),
(2268, 7, 53, 6),
(2269, 7, 53, 10),
(2270, 7, 53, 11),
(2271, 7, 53, 13),
(2272, 7, 53, 15),
(2273, 7, 53, 80),
(2274, 7, 53, 60),
(2275, 7, 53, 59),
(2276, 7, 53, 79),
(2277, 8, 53, 22),
(2278, 8, 53, 14),
(2279, 8, 53, 8),
(2280, 8, 53, 12),
(2281, 8, 53, 56),
(2282, 8, 53, 57),
(2283, 8, 53, 58),
(2284, 8, 53, 76),
(2285, 8, 53, 77),
(2286, 8, 53, 78),
(2287, 9, 53, 23),
(2288, 9, 53, 2),
(2289, 9, 53, 4),
(2290, 9, 53, 5),
(2291, 9, 53, 7),
(2292, 10, 53, 1),
(2293, 10, 53, 3),
(2294, 3, 55, 34),
(2295, 3, 55, 71),
(2296, 3, 55, 73),
(2297, 3, 55, 62),
(2298, 3, 55, 65),
(2299, 3, 55, 68),
(2300, 3, 55, 72),
(2301, 4, 55, 27),
(2302, 4, 55, 33),
(2303, 4, 55, 40),
(2304, 4, 55, 74),
(2305, 4, 55, 61),
(2306, 4, 55, 64),
(2307, 4, 55, 66),
(2308, 4, 55, 69),
(2309, 5, 55, 25),
(2310, 5, 55, 26),
(2311, 5, 55, 32),
(2312, 5, 55, 28),
(2313, 5, 55, 29),
(2314, 5, 55, 17),
(2315, 5, 55, 20),
(2316, 5, 55, 37),
(2317, 5, 55, 38),
(2318, 5, 55, 75),
(2319, 5, 55, 60),
(2320, 5, 55, 59),
(2321, 5, 55, 79),
(2322, 5, 55, 80),
(2323, 6, 55, 36),
(2324, 6, 55, 16),
(2325, 6, 55, 19),
(2326, 6, 55, 56),
(2327, 6, 55, 57),
(2328, 6, 55, 58),
(2329, 6, 55, 76),
(2330, 6, 55, 77),
(2331, 6, 55, 78),
(2332, 6, 55, 13),
(2333, 6, 55, 14),
(2334, 6, 55, 15),
(2335, 7, 55, 21),
(2336, 7, 55, 6),
(2337, 7, 55, 10),
(2338, 7, 55, 11),
(2339, 7, 55, 7),
(2340, 7, 55, 12),
(2341, 8, 55, 22),
(2342, 8, 55, 8),
(2343, 8, 55, 1),
(2344, 8, 55, 3),
(2345, 9, 55, 23),
(2346, 9, 55, 2),
(2347, 9, 55, 4),
(2348, 9, 55, 5),
(2349, 3, 56, 1),
(2350, 3, 56, 3),
(2351, 3, 56, 7),
(2352, 3, 56, 61),
(2353, 3, 56, 62),
(2354, 3, 56, 65),
(2355, 3, 56, 66),
(2356, 3, 56, 79),
(2357, 4, 56, 12),
(2358, 4, 56, 80),
(2359, 4, 56, 63),
(2360, 4, 56, 67),
(2361, 4, 56, 68),
(2362, 4, 56, 69),
(2363, 5, 56, 13),
(2364, 5, 56, 14),
(2365, 5, 56, 15),
(2366, 5, 56, 75),
(2367, 5, 56, 70),
(2368, 5, 56, 71),
(2369, 5, 56, 72),
(2370, 6, 56, 16),
(2371, 6, 56, 19),
(2372, 6, 56, 74),
(2373, 6, 56, 55),
(2374, 6, 56, 73),
(2375, 7, 56, 8),
(2376, 7, 56, 11),
(2377, 7, 56, 10),
(2378, 7, 56, 20),
(2379, 8, 56, 25),
(2380, 8, 56, 32),
(2381, 8, 56, 36),
(2382, 8, 56, 17),
(2383, 8, 56, 6),
(2384, 8, 56, 31),
(2385, 8, 56, 35),
(2386, 8, 56, 39),
(2387, 8, 56, 41),
(2388, 8, 56, 42),
(2389, 8, 56, 30),
(2390, 8, 56, 52),
(2391, 8, 56, 53),
(2392, 9, 56, 21),
(2393, 9, 56, 26),
(2394, 9, 56, 27),
(2395, 9, 56, 33),
(2396, 9, 56, 37),
(2397, 9, 56, 38),
(2398, 9, 56, 40),
(2399, 9, 56, 34),
(2400, 10, 56, 22),
(2401, 10, 56, 2),
(2402, 10, 56, 4),
(2403, 10, 56, 5),
(2404, 11, 56, 23),
(2405, 11, 56, 28),
(2406, 11, 56, 29),
(2407, 3, 57, 1),
(2408, 3, 57, 3),
(2409, 3, 57, 7),
(2410, 3, 57, 61),
(2411, 3, 57, 62),
(2412, 3, 57, 65),
(2413, 3, 57, 66),
(2414, 3, 57, 79),
(2415, 4, 57, 12),
(2416, 4, 57, 80),
(2417, 4, 57, 63),
(2418, 4, 57, 67),
(2419, 4, 57, 68),
(2420, 4, 57, 69),
(2421, 5, 57, 13),
(2422, 5, 57, 14),
(2423, 5, 57, 15),
(2424, 5, 57, 75),
(2425, 5, 57, 70),
(2426, 5, 57, 71),
(2427, 5, 57, 72),
(2428, 6, 57, 16),
(2429, 6, 57, 19),
(2430, 6, 57, 74),
(2431, 6, 57, 55),
(2432, 6, 57, 73),
(2433, 7, 57, 8),
(2434, 7, 57, 11),
(2435, 7, 57, 10),
(2436, 7, 57, 20),
(2437, 8, 57, 25),
(2438, 8, 57, 32),
(2439, 8, 57, 36),
(2440, 8, 57, 17),
(2441, 8, 57, 6),
(2442, 8, 57, 31),
(2443, 8, 57, 35),
(2444, 8, 57, 39),
(2445, 8, 57, 41),
(2446, 8, 57, 42),
(2447, 8, 57, 30),
(2448, 8, 57, 52),
(2449, 8, 57, 53),
(2450, 9, 57, 21),
(2451, 9, 57, 26),
(2452, 9, 57, 27),
(2453, 9, 57, 33),
(2454, 9, 57, 37),
(2455, 9, 57, 38),
(2456, 9, 57, 40),
(2457, 9, 57, 34),
(2458, 10, 57, 22),
(2459, 10, 57, 2),
(2460, 10, 57, 4),
(2461, 10, 57, 5),
(2462, 11, 57, 23),
(2463, 11, 57, 28),
(2464, 11, 57, 29),
(2465, 3, 58, 1),
(2466, 3, 58, 3),
(2467, 3, 58, 7),
(2468, 3, 58, 62),
(2469, 3, 58, 65),
(2470, 3, 58, 66),
(2471, 3, 58, 79),
(2472, 4, 58, 12),
(2473, 4, 58, 80),
(2474, 4, 58, 63),
(2475, 4, 58, 67),
(2476, 4, 58, 68),
(2477, 4, 58, 69),
(2478, 5, 58, 13),
(2479, 5, 58, 14),
(2480, 5, 58, 15),
(2481, 5, 58, 75),
(2482, 5, 58, 70),
(2483, 5, 58, 71),
(2484, 5, 58, 72),
(2485, 6, 58, 16),
(2486, 6, 58, 19),
(2487, 6, 58, 74),
(2488, 6, 58, 55),
(2489, 6, 58, 73),
(2490, 7, 58, 8),
(2491, 7, 58, 11),
(2492, 7, 58, 10),
(2493, 7, 58, 20),
(2494, 8, 58, 25),
(2495, 8, 58, 32),
(2496, 8, 58, 36),
(2497, 8, 58, 17),
(2498, 8, 58, 6),
(2499, 8, 58, 31),
(2500, 8, 58, 35),
(2501, 8, 58, 39),
(2502, 8, 58, 41),
(2503, 8, 58, 42),
(2504, 8, 58, 30),
(2505, 8, 58, 52),
(2506, 8, 58, 53),
(2507, 9, 58, 21),
(2508, 9, 58, 26),
(2509, 9, 58, 27),
(2510, 9, 58, 33),
(2511, 9, 58, 37),
(2512, 9, 58, 38),
(2513, 9, 58, 40),
(2514, 9, 58, 34),
(2515, 10, 58, 22),
(2516, 10, 58, 2),
(2517, 10, 58, 4),
(2518, 10, 58, 5),
(2519, 11, 58, 23),
(2520, 11, 58, 28),
(2521, 11, 58, 29),
(2522, 3, 59, 77),
(2523, 3, 59, 78),
(2524, 3, 59, 79),
(2525, 3, 59, 63),
(2526, 3, 59, 67),
(2527, 3, 59, 68),
(2528, 3, 59, 69),
(2529, 4, 59, 1),
(2530, 4, 59, 3),
(2531, 4, 59, 7),
(2532, 4, 59, 12),
(2533, 4, 59, 80),
(2534, 4, 59, 70),
(2535, 4, 59, 71),
(2536, 4, 59, 72),
(2537, 5, 59, 13),
(2538, 5, 59, 14),
(2539, 5, 59, 15),
(2540, 5, 59, 75),
(2541, 5, 59, 55),
(2542, 5, 59, 73),
(2543, 5, 59, 74),
(2544, 6, 59, 16),
(2545, 6, 59, 19),
(2546, 7, 59, 8),
(2547, 7, 59, 11),
(2548, 7, 59, 10),
(2549, 7, 59, 20),
(2550, 7, 59, 31),
(2551, 7, 59, 35),
(2552, 7, 59, 39),
(2553, 7, 59, 41),
(2554, 7, 59, 42),
(2555, 7, 59, 30),
(2556, 7, 59, 52),
(2557, 7, 59, 53),
(2558, 8, 59, 25),
(2559, 8, 59, 32),
(2560, 8, 59, 36),
(2561, 8, 59, 17),
(2562, 8, 59, 6),
(2563, 8, 59, 34),
(2564, 9, 59, 21),
(2565, 9, 59, 26),
(2566, 9, 59, 27),
(2567, 9, 59, 33),
(2568, 9, 59, 37),
(2569, 9, 59, 38),
(2570, 9, 59, 40),
(2571, 10, 59, 22),
(2572, 10, 59, 2),
(2573, 10, 59, 4),
(2574, 10, 59, 5),
(2575, 10, 59, 28),
(2576, 10, 59, 29),
(2577, 11, 59, 23),
(2578, 3, 60, 1),
(2579, 3, 60, 3),
(2580, 3, 60, 7),
(2581, 3, 60, 12),
(2582, 3, 60, 80),
(2583, 3, 60, 63),
(2584, 3, 60, 67),
(2585, 3, 60, 68),
(2586, 3, 60, 69),
(2587, 4, 60, 13),
(2588, 4, 60, 14),
(2589, 4, 60, 15),
(2590, 4, 60, 75),
(2591, 4, 60, 70),
(2592, 4, 60, 71),
(2593, 4, 60, 72),
(2594, 5, 60, 16),
(2595, 5, 60, 19),
(2596, 5, 60, 74),
(2597, 5, 60, 55),
(2598, 5, 60, 73),
(2599, 6, 60, 8),
(2600, 6, 60, 11),
(2601, 6, 60, 10),
(2602, 6, 60, 20),
(2603, 7, 60, 25),
(2604, 7, 60, 32),
(2605, 7, 60, 36),
(2606, 7, 60, 17),
(2607, 7, 60, 6),
(2608, 7, 60, 31),
(2609, 7, 60, 35),
(2610, 7, 60, 39),
(2611, 7, 60, 41),
(2612, 7, 60, 42),
(2613, 7, 60, 30),
(2614, 7, 60, 52),
(2615, 7, 60, 53),
(2616, 8, 60, 21),
(2617, 8, 60, 26),
(2618, 8, 60, 27),
(2619, 8, 60, 33),
(2620, 8, 60, 37),
(2621, 8, 60, 38),
(2622, 8, 60, 40),
(2623, 8, 60, 34),
(2624, 9, 60, 22),
(2625, 9, 60, 2),
(2626, 9, 60, 4),
(2627, 9, 60, 5),
(2628, 10, 60, 23),
(2629, 10, 60, 28),
(2630, 10, 60, 29),
(2631, 3, 61, 56),
(2632, 3, 61, 57),
(2633, 3, 61, 76),
(2634, 3, 61, 77),
(2635, 3, 61, 78),
(2636, 3, 61, 70),
(2637, 3, 61, 80),
(2638, 3, 61, 71),
(2639, 3, 61, 72),
(2640, 4, 61, 7),
(2641, 4, 61, 12),
(2642, 4, 61, 55),
(2643, 4, 61, 75),
(2644, 4, 61, 13),
(2645, 4, 61, 14),
(2646, 4, 61, 15),
(2647, 4, 61, 73),
(2648, 4, 61, 74),
(2649, 5, 61, 1),
(2650, 5, 61, 3),
(2651, 5, 61, 16),
(2652, 5, 61, 19),
(2653, 6, 61, 31),
(2654, 6, 61, 35),
(2655, 6, 61, 39),
(2656, 6, 61, 41),
(2657, 6, 61, 42),
(2658, 6, 61, 30),
(2659, 6, 61, 52),
(2660, 6, 61, 53),
(2661, 6, 61, 20),
(2662, 6, 61, 8),
(2663, 6, 61, 11),
(2664, 6, 61, 10),
(2665, 7, 61, 34),
(2666, 7, 61, 25),
(2667, 7, 61, 32),
(2668, 7, 61, 36),
(2669, 7, 61, 17),
(2670, 7, 61, 6),
(2671, 8, 61, 27),
(2672, 8, 61, 33),
(2673, 8, 61, 40),
(2674, 8, 61, 21),
(2675, 8, 61, 26),
(2676, 8, 61, 37),
(2677, 8, 61, 38),
(2678, 9, 61, 28),
(2679, 9, 61, 29),
(2680, 9, 61, 22),
(2681, 9, 61, 2),
(2682, 9, 61, 4),
(2683, 9, 61, 5),
(2684, 10, 61, 23),
(2685, 3, 62, 55),
(2686, 3, 62, 71),
(2687, 3, 62, 72),
(2688, 3, 62, 80),
(2689, 3, 62, 56),
(2690, 3, 62, 57),
(2691, 3, 62, 58),
(2692, 3, 62, 76),
(2693, 3, 62, 77),
(2694, 3, 62, 78),
(2695, 4, 62, 73),
(2696, 4, 62, 75),
(2697, 4, 62, 74),
(2698, 4, 62, 7),
(2699, 4, 62, 12),
(2700, 4, 62, 13),
(2701, 4, 62, 14),
(2702, 4, 62, 15),
(2703, 5, 62, 31),
(2704, 5, 62, 35),
(2705, 5, 62, 39),
(2706, 5, 62, 41),
(2707, 5, 62, 42),
(2708, 5, 62, 30),
(2709, 5, 62, 52),
(2710, 5, 62, 53),
(2711, 5, 62, 1),
(2712, 5, 62, 3),
(2713, 5, 62, 16),
(2714, 5, 62, 19),
(2715, 6, 62, 34),
(2716, 6, 62, 20),
(2717, 6, 62, 8),
(2718, 6, 62, 11),
(2719, 6, 62, 10),
(2720, 7, 62, 27),
(2721, 7, 62, 33),
(2722, 7, 62, 40),
(2723, 7, 62, 25),
(2724, 7, 62, 32),
(2725, 7, 62, 36),
(2726, 7, 62, 17),
(2727, 7, 62, 6),
(2728, 8, 62, 26),
(2729, 8, 62, 28),
(2730, 8, 62, 29),
(2731, 8, 62, 37),
(2732, 8, 62, 38),
(2733, 8, 62, 21),
(2734, 9, 62, 22),
(2735, 9, 62, 2),
(2736, 9, 62, 4),
(2737, 9, 62, 5),
(2738, 10, 62, 23),
(2739, 3, 63, 31),
(2740, 3, 63, 35),
(2741, 3, 63, 39),
(2742, 3, 63, 41),
(2743, 3, 63, 42),
(2744, 3, 63, 30),
(2745, 3, 63, 52),
(2746, 3, 63, 53),
(2747, 3, 63, 73),
(2748, 3, 63, 60),
(2749, 3, 63, 59),
(2750, 3, 63, 79),
(2751, 3, 63, 80),
(2752, 4, 63, 34),
(2753, 4, 63, 74),
(2754, 4, 63, 56),
(2755, 4, 63, 57),
(2756, 4, 63, 58),
(2757, 4, 63, 76),
(2758, 4, 63, 77),
(2759, 4, 63, 78),
(2760, 4, 63, 75),
(2761, 5, 63, 27),
(2762, 5, 63, 33),
(2763, 5, 63, 40),
(2764, 5, 63, 7),
(2765, 5, 63, 12),
(2766, 5, 63, 13),
(2767, 5, 63, 14),
(2768, 5, 63, 15),
(2769, 6, 63, 25),
(2770, 6, 63, 26),
(2771, 6, 63, 32),
(2772, 6, 63, 28),
(2773, 6, 63, 29),
(2774, 6, 63, 17),
(2775, 6, 63, 20),
(2776, 6, 63, 37),
(2777, 6, 63, 38),
(2778, 6, 63, 1),
(2779, 6, 63, 3),
(2780, 6, 63, 16),
(2781, 6, 63, 19),
(2782, 7, 63, 36),
(2783, 7, 63, 8),
(2784, 7, 63, 11),
(2785, 7, 63, 10),
(2786, 8, 63, 21),
(2787, 8, 63, 6),
(2788, 9, 63, 22),
(2789, 10, 63, 23),
(2790, 10, 63, 2),
(2791, 10, 63, 4),
(2792, 10, 63, 5),
(2793, 3, 64, 7),
(2794, 3, 64, 12),
(2795, 3, 64, 70),
(2796, 3, 64, 71),
(2797, 3, 64, 72),
(2798, 3, 64, 75),
(2799, 3, 64, 13),
(2800, 3, 64, 14),
(2801, 3, 64, 15),
(2802, 4, 64, 1),
(2803, 4, 64, 3),
(2804, 4, 64, 55),
(2805, 4, 64, 73),
(2806, 4, 64, 74),
(2807, 4, 64, 16),
(2808, 4, 64, 19),
(2809, 5, 64, 20),
(2810, 5, 64, 8),
(2811, 5, 64, 11),
(2812, 5, 64, 10),
(2813, 6, 64, 31),
(2814, 6, 64, 35),
(2815, 6, 64, 39),
(2816, 6, 64, 41),
(2817, 6, 64, 42),
(2818, 6, 64, 30),
(2819, 6, 64, 52),
(2820, 6, 64, 53),
(2821, 6, 64, 25),
(2822, 6, 64, 32),
(2823, 6, 64, 36),
(2824, 6, 64, 17),
(2825, 6, 64, 6),
(2826, 7, 64, 34),
(2827, 7, 64, 21),
(2828, 7, 64, 26),
(2829, 7, 64, 27),
(2830, 7, 64, 33),
(2831, 7, 64, 37),
(2832, 7, 64, 38),
(2833, 7, 64, 40),
(2834, 8, 64, 22),
(2835, 8, 64, 2),
(2836, 8, 64, 4),
(2837, 8, 64, 5),
(2838, 9, 64, 28),
(2839, 9, 64, 29),
(2840, 9, 64, 23),
(2841, 3, 65, 55),
(2842, 3, 65, 56),
(2843, 3, 65, 57),
(2844, 3, 65, 58),
(2845, 3, 65, 76),
(2846, 3, 65, 77),
(2847, 3, 65, 78),
(2848, 3, 65, 75),
(2849, 3, 65, 73),
(2850, 3, 65, 74),
(2851, 4, 65, 7),
(2852, 4, 65, 12),
(2853, 4, 65, 13),
(2854, 4, 65, 14),
(2855, 4, 65, 15),
(2856, 5, 65, 31),
(2857, 5, 65, 35),
(2858, 5, 65, 39),
(2859, 5, 65, 41),
(2860, 5, 65, 42),
(2861, 5, 65, 30),
(2862, 5, 65, 52),
(2863, 5, 65, 53),
(2864, 5, 65, 1),
(2865, 5, 65, 3),
(2866, 5, 65, 16),
(2867, 5, 65, 19),
(2868, 5, 65, 20),
(2869, 6, 65, 34),
(2870, 6, 65, 8),
(2871, 6, 65, 11),
(2872, 6, 65, 10),
(2873, 7, 65, 27),
(2874, 7, 65, 33),
(2875, 7, 65, 40),
(2876, 7, 65, 25),
(2877, 7, 65, 32),
(2878, 7, 65, 36),
(2879, 7, 65, 17),
(2880, 7, 65, 6),
(2881, 8, 65, 26),
(2882, 8, 65, 28),
(2883, 8, 65, 29),
(2884, 8, 65, 37),
(2885, 8, 65, 38),
(2886, 8, 65, 21),
(2887, 9, 65, 22),
(2888, 9, 65, 2),
(2889, 9, 65, 4),
(2890, 9, 65, 5),
(2891, 10, 65, 23),
(2892, 3, 66, 56),
(2893, 3, 66, 57),
(2894, 3, 66, 58),
(2895, 3, 66, 76),
(2896, 3, 66, 7),
(2897, 3, 66, 12),
(2898, 3, 66, 13),
(2899, 3, 66, 14),
(2900, 3, 66, 15),
(2901, 3, 66, 74),
(2902, 3, 66, 73),
(2903, 4, 66, 55),
(2904, 4, 66, 1),
(2905, 4, 66, 3),
(2906, 4, 66, 16),
(2907, 4, 66, 19),
(2908, 4, 66, 20),
(2909, 5, 66, 8),
(2910, 5, 66, 11),
(2911, 5, 66, 10),
(2912, 5, 66, 42),
(2913, 6, 66, 31),
(2914, 6, 66, 35),
(2915, 6, 66, 39),
(2916, 6, 66, 41),
(2917, 6, 66, 30),
(2918, 6, 66, 52),
(2919, 6, 66, 53),
(2920, 6, 66, 25),
(2921, 6, 66, 32),
(2922, 6, 66, 36),
(2923, 6, 66, 17),
(2924, 6, 66, 6),
(2925, 7, 66, 34),
(2926, 7, 66, 21),
(2927, 7, 66, 26),
(2928, 7, 66, 27),
(2929, 7, 66, 33),
(2930, 7, 66, 37),
(2931, 7, 66, 38),
(2932, 7, 66, 40),
(2933, 8, 66, 22),
(2934, 8, 66, 2),
(2935, 8, 66, 4),
(2936, 8, 66, 5),
(2937, 9, 66, 28),
(2938, 9, 66, 29),
(2939, 9, 66, 23),
(2940, 3, 67, 60),
(2941, 3, 67, 59),
(2942, 3, 67, 75),
(2943, 3, 67, 74),
(2944, 4, 67, 56),
(2945, 4, 67, 57),
(2946, 4, 67, 58),
(2947, 4, 67, 76),
(2948, 4, 67, 77),
(2949, 4, 67, 78),
(2950, 4, 67, 31),
(2951, 4, 67, 35),
(2952, 4, 67, 39),
(2953, 4, 67, 41),
(2954, 4, 67, 42),
(2955, 4, 67, 30),
(2956, 4, 67, 52),
(2957, 4, 67, 53),
(2958, 4, 67, 13),
(2959, 4, 67, 14),
(2960, 4, 67, 15),
(2961, 4, 67, 7),
(2962, 4, 67, 12),
(2963, 5, 67, 34),
(2964, 5, 67, 16),
(2965, 5, 67, 19),
(2966, 5, 67, 20),
(2967, 6, 67, 1),
(2968, 6, 67, 3),
(2969, 6, 67, 27),
(2970, 6, 67, 33),
(2971, 6, 67, 40),
(2972, 6, 67, 8),
(2973, 6, 67, 11),
(2974, 6, 67, 10),
(2975, 7, 67, 25),
(2976, 7, 67, 26),
(2977, 7, 67, 32),
(2978, 7, 67, 28),
(2979, 7, 67, 29),
(2980, 7, 67, 17),
(2981, 7, 67, 37),
(2982, 7, 67, 38),
(2983, 7, 67, 36),
(2984, 7, 67, 6),
(2985, 8, 67, 21),
(2986, 9, 67, 22),
(2987, 9, 67, 2),
(2988, 9, 67, 4),
(2989, 9, 67, 5),
(2990, 10, 67, 23),
(2991, 3, 68, 60),
(2992, 3, 68, 59),
(2993, 3, 68, 55),
(2994, 3, 68, 13),
(2995, 3, 68, 14),
(2996, 3, 68, 15),
(2997, 4, 68, 56),
(2998, 4, 68, 57),
(2999, 4, 68, 58),
(3000, 4, 68, 76),
(3001, 4, 68, 77),
(3002, 4, 68, 78),
(3003, 4, 68, 7),
(3004, 4, 68, 12),
(3005, 4, 68, 42),
(3006, 4, 68, 16),
(3007, 4, 68, 19),
(3008, 4, 68, 20),
(3009, 5, 68, 31),
(3010, 5, 68, 35),
(3011, 5, 68, 39),
(3012, 5, 68, 41),
(3013, 5, 68, 30),
(3014, 5, 68, 52),
(3015, 5, 68, 53),
(3016, 5, 68, 8),
(3017, 5, 68, 11),
(3018, 5, 68, 10),
(3019, 6, 68, 1),
(3020, 6, 68, 3),
(3021, 6, 68, 34),
(3022, 6, 68, 40),
(3023, 6, 68, 25),
(3024, 6, 68, 32),
(3025, 6, 68, 36),
(3026, 6, 68, 17),
(3027, 6, 68, 6),
(3028, 7, 68, 27),
(3029, 7, 68, 33),
(3030, 7, 68, 37),
(3031, 7, 68, 38),
(3032, 7, 68, 21),
(3033, 7, 68, 26),
(3034, 8, 68, 28),
(3035, 8, 68, 29),
(3036, 8, 68, 22),
(3037, 8, 68, 2),
(3038, 8, 68, 4),
(3039, 8, 68, 5),
(3040, 9, 68, 23),
(3041, 3, 69, 77),
(3042, 3, 69, 78),
(3043, 3, 69, 60),
(3044, 3, 69, 7);
INSERT INTO `traderoutes` (`id`, `size`, `id_area1`, `id_area2`) VALUES
(3045, 3, 69, 12),
(3046, 3, 69, 59),
(3047, 3, 69, 73),
(3048, 3, 69, 16),
(3049, 3, 69, 19),
(3050, 3, 69, 20),
(3051, 4, 69, 76),
(3052, 4, 69, 56),
(3053, 4, 69, 57),
(3054, 4, 69, 58),
(3055, 4, 69, 55),
(3056, 4, 69, 8),
(3057, 4, 69, 11),
(3058, 4, 69, 10),
(3059, 5, 69, 1),
(3060, 5, 69, 3),
(3061, 5, 69, 42),
(3062, 5, 69, 25),
(3063, 5, 69, 32),
(3064, 5, 69, 36),
(3065, 5, 69, 17),
(3066, 5, 69, 6),
(3067, 6, 69, 31),
(3068, 6, 69, 35),
(3069, 6, 69, 39),
(3070, 6, 69, 41),
(3071, 6, 69, 30),
(3072, 6, 69, 52),
(3073, 6, 69, 53),
(3074, 6, 69, 21),
(3075, 6, 69, 26),
(3076, 6, 69, 27),
(3077, 6, 69, 33),
(3078, 6, 69, 37),
(3079, 6, 69, 38),
(3080, 6, 69, 40),
(3081, 7, 69, 34),
(3082, 7, 69, 22),
(3083, 7, 69, 2),
(3084, 7, 69, 4),
(3085, 7, 69, 5),
(3086, 8, 69, 23),
(3087, 8, 69, 28),
(3088, 8, 69, 29),
(3089, 3, 70, 31),
(3090, 3, 70, 35),
(3091, 3, 70, 39),
(3092, 3, 70, 41),
(3093, 3, 70, 30),
(3094, 3, 70, 52),
(3095, 3, 70, 53),
(3096, 3, 70, 61),
(3097, 3, 70, 64),
(3098, 3, 70, 75),
(3099, 3, 70, 79),
(3100, 3, 70, 80),
(3101, 4, 70, 34),
(3102, 4, 70, 40),
(3103, 4, 70, 60),
(3104, 4, 70, 59),
(3105, 4, 70, 13),
(3106, 4, 70, 14),
(3107, 4, 70, 15),
(3108, 5, 70, 27),
(3109, 5, 70, 33),
(3110, 5, 70, 17),
(3111, 5, 70, 20),
(3112, 5, 70, 37),
(3113, 5, 70, 38),
(3114, 5, 70, 56),
(3115, 5, 70, 57),
(3116, 5, 70, 58),
(3117, 5, 70, 76),
(3118, 5, 70, 77),
(3119, 5, 70, 78),
(3120, 5, 70, 7),
(3121, 5, 70, 12),
(3122, 5, 70, 16),
(3123, 5, 70, 19),
(3124, 6, 70, 25),
(3125, 6, 70, 26),
(3126, 6, 70, 32),
(3127, 6, 70, 28),
(3128, 6, 70, 29),
(3129, 6, 70, 36),
(3130, 6, 70, 8),
(3131, 6, 70, 11),
(3132, 6, 70, 10),
(3133, 7, 70, 1),
(3134, 7, 70, 3),
(3135, 7, 70, 6),
(3136, 8, 70, 21),
(3137, 9, 70, 22),
(3138, 9, 70, 2),
(3139, 9, 70, 4),
(3140, 9, 70, 5),
(3141, 10, 70, 23),
(3142, 3, 71, 42),
(3143, 3, 71, 55),
(3144, 3, 71, 75),
(3145, 3, 71, 62),
(3146, 3, 71, 61),
(3147, 3, 71, 64),
(3148, 3, 71, 79),
(3149, 3, 71, 80),
(3150, 4, 71, 31),
(3151, 4, 71, 35),
(3152, 4, 71, 39),
(3153, 4, 71, 41),
(3154, 4, 71, 30),
(3155, 4, 71, 52),
(3156, 4, 71, 53),
(3157, 4, 71, 60),
(3158, 4, 71, 59),
(3159, 4, 71, 13),
(3160, 4, 71, 14),
(3161, 4, 71, 15),
(3162, 5, 71, 34),
(3163, 5, 71, 40),
(3164, 5, 71, 56),
(3165, 5, 71, 57),
(3166, 5, 71, 58),
(3167, 5, 71, 76),
(3168, 5, 71, 77),
(3169, 5, 71, 78),
(3170, 5, 71, 7),
(3171, 5, 71, 12),
(3172, 5, 71, 16),
(3173, 5, 71, 19),
(3174, 5, 71, 20),
(3175, 6, 71, 27),
(3176, 6, 71, 33),
(3177, 6, 71, 17),
(3178, 6, 71, 37),
(3179, 6, 71, 38),
(3180, 6, 71, 8),
(3181, 6, 71, 11),
(3182, 6, 71, 10),
(3183, 7, 71, 25),
(3184, 7, 71, 26),
(3185, 7, 71, 32),
(3186, 7, 71, 28),
(3187, 7, 71, 29),
(3188, 7, 71, 36),
(3189, 7, 71, 1),
(3190, 7, 71, 3),
(3191, 7, 71, 6),
(3192, 8, 71, 21),
(3193, 9, 71, 22),
(3194, 9, 71, 2),
(3195, 9, 71, 4),
(3196, 9, 71, 5),
(3197, 10, 71, 23),
(3198, 3, 72, 55),
(3199, 3, 72, 62),
(3200, 3, 72, 61),
(3201, 3, 72, 64),
(3202, 3, 72, 79),
(3203, 3, 72, 13),
(3204, 3, 72, 14),
(3205, 3, 72, 15),
(3206, 4, 72, 42),
(3207, 4, 72, 60),
(3208, 4, 72, 59),
(3209, 4, 72, 12),
(3210, 4, 72, 16),
(3211, 4, 72, 19),
(3212, 4, 72, 20),
(3213, 4, 72, 7),
(3214, 4, 72, 78),
(3215, 4, 72, 77),
(3216, 5, 72, 31),
(3217, 5, 72, 35),
(3218, 5, 72, 39),
(3219, 5, 72, 41),
(3220, 5, 72, 30),
(3221, 5, 72, 52),
(3222, 5, 72, 53),
(3223, 5, 72, 56),
(3224, 5, 72, 57),
(3225, 5, 72, 58),
(3226, 5, 72, 76),
(3227, 5, 72, 8),
(3228, 5, 72, 11),
(3229, 5, 72, 10),
(3230, 6, 72, 34),
(3231, 6, 72, 40),
(3232, 6, 72, 25),
(3233, 6, 72, 32),
(3234, 6, 72, 36),
(3235, 6, 72, 17),
(3236, 6, 72, 6),
(3237, 6, 72, 1),
(3238, 6, 72, 3),
(3239, 7, 72, 27),
(3240, 7, 72, 33),
(3241, 7, 72, 37),
(3242, 7, 72, 38),
(3243, 7, 72, 21),
(3244, 7, 72, 26),
(3245, 8, 72, 28),
(3246, 8, 72, 29),
(3247, 8, 72, 22),
(3248, 8, 72, 2),
(3249, 8, 72, 4),
(3250, 8, 72, 5),
(3251, 9, 72, 23),
(3252, 3, 73, 42),
(3253, 3, 73, 55),
(3254, 3, 73, 63),
(3255, 3, 73, 65),
(3256, 3, 73, 66),
(3257, 3, 73, 69),
(3258, 3, 73, 80),
(3259, 4, 73, 31),
(3260, 4, 73, 35),
(3261, 4, 73, 39),
(3262, 4, 73, 41),
(3263, 4, 73, 30),
(3264, 4, 73, 52),
(3265, 4, 73, 53),
(3266, 4, 73, 62),
(3267, 4, 73, 61),
(3268, 4, 73, 64),
(3269, 4, 73, 79),
(3270, 4, 73, 13),
(3271, 4, 73, 14),
(3272, 4, 73, 15),
(3273, 5, 73, 34),
(3274, 5, 73, 40),
(3275, 5, 73, 60),
(3276, 5, 73, 59),
(3277, 5, 73, 19),
(3278, 5, 73, 20),
(3279, 5, 73, 12),
(3280, 5, 73, 16),
(3281, 5, 73, 7),
(3282, 5, 73, 78),
(3283, 5, 73, 77),
(3284, 6, 73, 27),
(3285, 6, 73, 33),
(3286, 6, 73, 17),
(3287, 6, 73, 37),
(3288, 6, 73, 38),
(3289, 6, 73, 56),
(3290, 6, 73, 57),
(3291, 6, 73, 58),
(3292, 6, 73, 76),
(3293, 6, 73, 8),
(3294, 6, 73, 11),
(3295, 6, 73, 10),
(3296, 7, 73, 25),
(3297, 7, 73, 26),
(3298, 7, 73, 32),
(3299, 7, 73, 28),
(3300, 7, 73, 29),
(3301, 7, 73, 36),
(3302, 7, 73, 6),
(3303, 7, 73, 1),
(3304, 7, 73, 3),
(3305, 8, 73, 21),
(3306, 9, 73, 22),
(3307, 9, 73, 2),
(3308, 9, 73, 4),
(3309, 9, 73, 5),
(3310, 10, 73, 23),
(3311, 3, 74, 67),
(3312, 3, 74, 42),
(3313, 3, 74, 65),
(3314, 3, 74, 66),
(3315, 3, 74, 13),
(3316, 3, 74, 14),
(3317, 3, 74, 15),
(3318, 3, 74, 79),
(3319, 4, 74, 55),
(3320, 4, 74, 63),
(3321, 4, 74, 31),
(3322, 4, 74, 35),
(3323, 4, 74, 39),
(3324, 4, 74, 41),
(3325, 4, 74, 62),
(3326, 4, 74, 61),
(3327, 4, 74, 64),
(3328, 4, 74, 19),
(3329, 4, 74, 20),
(3330, 4, 74, 12),
(3331, 4, 74, 16),
(3332, 4, 74, 7),
(3333, 4, 74, 78),
(3334, 4, 74, 77),
(3335, 5, 74, 30),
(3336, 5, 74, 52),
(3337, 5, 74, 53),
(3338, 5, 74, 34),
(3339, 5, 74, 40),
(3340, 5, 74, 60),
(3341, 5, 74, 59),
(3342, 5, 74, 8),
(3343, 5, 74, 11),
(3344, 5, 74, 10),
(3345, 5, 74, 76),
(3346, 6, 74, 27),
(3347, 6, 74, 33),
(3348, 6, 74, 17),
(3349, 6, 74, 37),
(3350, 6, 74, 38),
(3351, 6, 74, 56),
(3352, 6, 74, 57),
(3353, 6, 74, 58),
(3354, 6, 74, 25),
(3355, 6, 74, 32),
(3356, 6, 74, 36),
(3357, 6, 74, 6),
(3358, 6, 74, 1),
(3359, 6, 74, 3),
(3360, 7, 74, 26),
(3361, 7, 74, 28),
(3362, 7, 74, 29),
(3363, 7, 74, 21),
(3364, 8, 74, 22),
(3365, 8, 74, 2),
(3366, 8, 74, 4),
(3367, 8, 74, 5),
(3368, 9, 74, 23),
(3369, 3, 75, 65),
(3370, 3, 75, 67),
(3371, 3, 75, 70),
(3372, 3, 75, 71),
(3373, 3, 75, 19),
(3374, 3, 75, 20),
(3375, 3, 75, 12),
(3376, 3, 75, 16),
(3377, 3, 75, 64),
(3378, 3, 75, 7),
(3379, 3, 75, 78),
(3380, 3, 75, 77),
(3381, 4, 75, 62),
(3382, 4, 75, 63),
(3383, 4, 75, 61),
(3384, 4, 75, 42),
(3385, 4, 75, 8),
(3386, 4, 75, 11),
(3387, 4, 75, 10),
(3388, 4, 75, 60),
(3389, 4, 75, 76),
(3390, 5, 75, 59),
(3391, 5, 75, 55),
(3392, 5, 75, 31),
(3393, 5, 75, 35),
(3394, 5, 75, 39),
(3395, 5, 75, 41),
(3396, 5, 75, 17),
(3397, 5, 75, 25),
(3398, 5, 75, 32),
(3399, 5, 75, 36),
(3400, 5, 75, 6),
(3401, 5, 75, 56),
(3402, 5, 75, 57),
(3403, 5, 75, 58),
(3404, 5, 75, 1),
(3405, 5, 75, 3),
(3406, 6, 75, 30),
(3407, 6, 75, 52),
(3408, 6, 75, 53),
(3409, 6, 75, 34),
(3410, 6, 75, 40),
(3411, 6, 75, 37),
(3412, 6, 75, 38),
(3413, 6, 75, 21),
(3414, 6, 75, 26),
(3415, 6, 75, 27),
(3416, 6, 75, 33),
(3417, 7, 75, 22),
(3418, 7, 75, 2),
(3419, 7, 75, 4),
(3420, 7, 75, 5),
(3421, 8, 75, 28),
(3422, 8, 75, 29),
(3423, 8, 75, 23),
(3424, 3, 76, 12),
(3425, 3, 76, 61),
(3426, 3, 76, 62),
(3427, 3, 76, 65),
(3428, 3, 76, 66),
(3429, 3, 76, 79),
(3430, 3, 76, 80),
(3431, 4, 76, 13),
(3432, 4, 76, 63),
(3433, 4, 76, 67),
(3434, 4, 76, 68),
(3435, 4, 76, 69),
(3436, 4, 76, 14),
(3437, 4, 76, 15),
(3438, 4, 76, 75),
(3439, 5, 76, 70),
(3440, 5, 76, 71),
(3441, 5, 76, 72),
(3442, 5, 76, 16),
(3443, 5, 76, 19),
(3444, 5, 76, 74),
(3445, 6, 76, 55),
(3446, 6, 76, 73),
(3447, 6, 76, 8),
(3448, 6, 76, 11),
(3449, 6, 76, 10),
(3450, 6, 76, 20),
(3451, 7, 76, 25),
(3452, 7, 76, 32),
(3453, 7, 76, 36),
(3454, 7, 76, 17),
(3455, 7, 76, 6),
(3456, 8, 76, 31),
(3457, 8, 76, 35),
(3458, 8, 76, 39),
(3459, 8, 76, 41),
(3460, 8, 76, 42),
(3461, 8, 76, 30),
(3462, 8, 76, 52),
(3463, 8, 76, 53),
(3464, 8, 76, 21),
(3465, 8, 76, 26),
(3466, 8, 76, 27),
(3467, 8, 76, 33),
(3468, 8, 76, 37),
(3469, 8, 76, 38),
(3470, 8, 76, 40),
(3471, 9, 76, 34),
(3472, 9, 76, 22),
(3473, 9, 76, 2),
(3474, 9, 76, 4),
(3475, 9, 76, 5),
(3476, 10, 76, 23),
(3477, 10, 76, 28),
(3478, 10, 76, 29),
(3479, 3, 77, 59),
(3480, 3, 77, 13),
(3481, 3, 77, 61),
(3482, 3, 77, 62),
(3483, 3, 77, 65),
(3484, 3, 77, 69),
(3485, 3, 77, 14),
(3486, 3, 77, 15),
(3487, 3, 77, 75),
(3488, 4, 77, 63),
(3489, 4, 77, 67),
(3490, 4, 77, 68),
(3491, 4, 77, 16),
(3492, 4, 77, 19),
(3493, 4, 77, 72),
(3494, 4, 77, 74),
(3495, 5, 77, 70),
(3496, 5, 77, 71),
(3497, 5, 77, 8),
(3498, 5, 77, 11),
(3499, 5, 77, 10),
(3500, 5, 77, 20),
(3501, 5, 77, 73),
(3502, 6, 77, 55),
(3503, 6, 77, 25),
(3504, 6, 77, 32),
(3505, 6, 77, 36),
(3506, 6, 77, 17),
(3507, 6, 77, 6),
(3508, 7, 77, 21),
(3509, 7, 77, 26),
(3510, 7, 77, 27),
(3511, 7, 77, 33),
(3512, 7, 77, 37),
(3513, 7, 77, 38),
(3514, 7, 77, 40),
(3515, 7, 77, 42),
(3516, 8, 77, 31),
(3517, 8, 77, 35),
(3518, 8, 77, 39),
(3519, 8, 77, 41),
(3520, 8, 77, 30),
(3521, 8, 77, 52),
(3522, 8, 77, 53),
(3523, 8, 77, 22),
(3524, 8, 77, 34),
(3525, 8, 77, 2),
(3526, 8, 77, 4),
(3527, 8, 77, 5),
(3528, 9, 77, 23),
(3529, 9, 77, 28),
(3530, 9, 77, 29),
(3531, 3, 78, 14),
(3532, 3, 78, 15),
(3533, 3, 78, 69),
(3534, 3, 78, 75),
(3535, 3, 78, 59),
(3536, 3, 78, 61),
(3537, 3, 78, 62),
(3538, 3, 78, 65),
(3539, 4, 78, 16),
(3540, 4, 78, 19),
(3541, 4, 78, 67),
(3542, 4, 78, 68),
(3543, 4, 78, 72),
(3544, 4, 78, 74),
(3545, 4, 78, 63),
(3546, 5, 78, 8),
(3547, 5, 78, 11),
(3548, 5, 78, 10),
(3549, 5, 78, 20),
(3550, 5, 78, 70),
(3551, 5, 78, 71),
(3552, 5, 78, 73),
(3553, 6, 78, 25),
(3554, 6, 78, 32),
(3555, 6, 78, 36),
(3556, 6, 78, 17),
(3557, 6, 78, 6),
(3558, 6, 78, 55),
(3559, 7, 78, 21),
(3560, 7, 78, 26),
(3561, 7, 78, 27),
(3562, 7, 78, 33),
(3563, 7, 78, 37),
(3564, 7, 78, 38),
(3565, 7, 78, 40),
(3566, 7, 78, 42),
(3567, 8, 78, 22),
(3568, 8, 78, 30),
(3569, 8, 78, 34),
(3570, 8, 78, 41),
(3571, 8, 78, 2),
(3572, 8, 78, 4),
(3573, 8, 78, 5),
(3574, 8, 78, 31),
(3575, 8, 78, 35),
(3576, 8, 78, 39),
(3577, 8, 78, 52),
(3578, 8, 78, 53),
(3579, 9, 78, 23),
(3580, 9, 78, 28),
(3581, 9, 78, 29),
(3582, 3, 79, 76),
(3583, 3, 79, 56),
(3584, 3, 79, 57),
(3585, 3, 79, 58),
(3586, 3, 79, 59),
(3587, 3, 79, 63),
(3588, 3, 79, 70),
(3589, 3, 79, 71),
(3590, 3, 79, 72),
(3591, 3, 79, 74),
(3592, 3, 79, 16),
(3593, 3, 79, 19),
(3594, 4, 79, 1),
(3595, 4, 79, 3),
(3596, 4, 79, 73),
(3597, 4, 79, 20),
(3598, 4, 79, 8),
(3599, 4, 79, 11),
(3600, 4, 79, 10),
(3601, 5, 79, 55),
(3602, 5, 79, 25),
(3603, 5, 79, 32),
(3604, 5, 79, 36),
(3605, 5, 79, 17),
(3606, 5, 79, 6),
(3607, 6, 79, 42),
(3608, 6, 79, 21),
(3609, 6, 79, 26),
(3610, 6, 79, 27),
(3611, 6, 79, 33),
(3612, 6, 79, 37),
(3613, 6, 79, 38),
(3614, 6, 79, 40),
(3615, 7, 79, 31),
(3616, 7, 79, 35),
(3617, 7, 79, 39),
(3618, 7, 79, 41),
(3619, 7, 79, 30),
(3620, 7, 79, 52),
(3621, 7, 79, 53),
(3622, 7, 79, 22),
(3623, 7, 79, 34),
(3624, 7, 79, 2),
(3625, 7, 79, 4),
(3626, 7, 79, 5),
(3627, 8, 79, 23),
(3628, 8, 79, 28),
(3629, 8, 79, 29),
(3630, 3, 80, 60),
(3631, 3, 80, 61),
(3632, 3, 80, 62),
(3633, 3, 80, 63),
(3634, 3, 80, 70),
(3635, 3, 80, 71),
(3636, 3, 80, 16),
(3637, 3, 80, 19),
(3638, 3, 80, 20),
(3639, 3, 80, 73),
(3640, 3, 80, 76),
(3641, 4, 80, 56),
(3642, 4, 80, 57),
(3643, 4, 80, 58),
(3644, 4, 80, 59),
(3645, 4, 80, 8),
(3646, 4, 80, 11),
(3647, 4, 80, 10),
(3648, 4, 80, 1),
(3649, 4, 80, 3),
(3650, 5, 80, 55),
(3651, 5, 80, 25),
(3652, 5, 80, 32),
(3653, 5, 80, 36),
(3654, 5, 80, 17),
(3655, 5, 80, 6),
(3656, 5, 80, 42),
(3657, 6, 80, 21),
(3658, 6, 80, 26),
(3659, 6, 80, 27),
(3660, 6, 80, 33),
(3661, 6, 80, 37),
(3662, 6, 80, 38),
(3663, 6, 80, 40),
(3664, 6, 80, 41),
(3665, 6, 80, 31),
(3666, 6, 80, 35),
(3667, 6, 80, 39),
(3668, 7, 80, 30),
(3669, 7, 80, 52),
(3670, 7, 80, 53),
(3671, 7, 80, 22),
(3672, 7, 80, 34),
(3673, 7, 80, 2),
(3674, 7, 80, 4),
(3675, 7, 80, 5),
(3676, 8, 80, 23),
(3677, 8, 80, 28),
(3678, 8, 80, 29);

-- --------------------------------------------------------

--
-- Table structure for table `traderoutes_production`
--

CREATE TABLE `traderoutes_production` (
  `id` int(11) NOT NULL,
  `name` varchar(40) DEFAULT '0',
  `value` int(11) NOT NULL,
  `production` int(11) NOT NULL
) ENGINE=InnoDB DEFAULT CHARSET=utf8;

--
-- Dumping data for table `traderoutes_production`
--

INSERT INTO `traderoutes_production` (`id`, `name`, `value`, `production`) VALUES
(3, '0', 3, 6),
(4, '0', 4, 8),
(5, '0', 5, 10),
(6, '0', 6, 12),
(7, '0', 7, 14),
(8, '0', 8, 16),
(9, '0', 9, 18),
(10, '0', 10, 20),
(11, '0', 11, 22),
(12, '0', 12, 24),
(13, '0', 13, 26),
(14, '0', 14, 28),
(15, '0', 15, 30),
(16, '0', 16, 32),
(17, '0', 17, 34),
(18, '0', 18, 36),
(19, '0', 19, 38),
(20, '0', 20, 40);

-- --------------------------------------------------------

--
-- Table structure for table `types`
--

CREATE TABLE `types` (
  `id` int(11) NOT NULL,
  `name` varchar(40) NOT NULL
) ENGINE=InnoDB DEFAULT CHARSET=utf8;

--
-- Dumping data for table `types`
--

INSERT INTO `types` (`id`, `name`) VALUES
(1, 'land'),
(2, 'sea'),
(3, 'air');

-- --------------------------------------------------------

--
-- Table structure for table `units`
--

CREATE TABLE `units` (
  `id` int(11) NOT NULL,
  `name` varchar(40) NOT NULL,
  `abbreviation` varchar(40) DEFAULT NULL,
  `price` int(11) NOT NULL,
  `tanksize` int(11) DEFAULT NULL,
  `hitpoints` int(11) NOT NULL DEFAULT '1',
  `speed` int(11) NOT NULL,
  `special` text,
  `killing_sequence` varchar(40) DEFAULT NULL,
  `bonus_kills` varchar(40) DEFAULT NULL,
  `kill_sequence_offset` int(11) DEFAULT NULL,
  `hitchance` int(11) NOT NULL,
  `hitbonus` int(11) NOT NULL,
  `ship_takeover` int(11) NOT NULL,
  `id_type` int(11) NOT NULL
) ENGINE=InnoDB DEFAULT CHARSET=utf8;

--
-- Dumping data for table `units`
--

INSERT INTO `units` (`id`, `name`, `abbreviation`, `price`, `tanksize`, `hitpoints`, `speed`, `special`, `killing_sequence`, `bonus_kills`, `kill_sequence_offset`, `hitchance`, `hitbonus`, `ship_takeover`, `id_type`) VALUES
(1, 'Infanterie', 'Inf', 2, NULL, 1, 1, NULL, '1:3:2:4', NULL, NULL, 16, 10, 10, 1),
(2, 'Artillerie', 'Art', 3, NULL, 1, 1, NULL, '1:3:2:4', '1', NULL, 16, 10, 0, 1),
(3, 'Panzer', 'Pan', 4, NULL, 1, 2, 'kann nur eigene L&auml;nder &uuml;berqueren', '1:3:2:4', NULL, 1, 16, 20, 5, 1),
(4, 'Flieger', 'Flug', 5, NULL, 1, 2, 'kann eigene und neutrale See- und Landfelder &uuml;berqueren. Feindliche Seefelder k&ouml;nnen &uuml;berquert werden, wenn keine kampff&auml;higen Flugzeugtr&auml;ger oder Schlachtschiffe vorhanden sind', '4:3:2:1', NULL, NULL, 33, 10, 3, 3),
(5, 'U-Boot(e)', NULL, 3, 4, 2, 1, NULL, NULL, NULL, NULL, 0, 0, 0, 2),
(6, 'Zerst&ouml;rer', NULL, 3, 3, 2, 1, NULL, NULL, NULL, NULL, 0, 0, 0, 2),
(7, 'Schlachtschiff(e)', NULL, 5, 7, 4, 1, NULL, NULL, NULL, NULL, 0, 0, 0, 2),
(8, 'Flugzeugtr&auml;ger', NULL, 7, 7, 4, 1, NULL, NULL, NULL, NULL, 0, 0, 0, 2);

-- --------------------------------------------------------

--
-- Table structure for table `user`
--

CREATE TABLE `user` (
  `id` int(10) UNSIGNED NOT NULL,
  `name` varchar(40) NOT NULL,
  `lastname` varchar(40) NOT NULL,
  `login` varchar(40) NOT NULL,
  `password` varchar(40) NOT NULL,
  `email` varchar(40) NOT NULL,
  `status` enum('inactive','active','moderator','admin','deleted') NOT NULL DEFAULT 'inactive',
  `verify` varchar(40) DEFAULT NULL,
  `token` varchar(50) NOT NULL
) ENGINE=InnoDB DEFAULT CHARSET=utf8;

--
-- Dumping data for table `user`
--

INSERT INTO `user` (`id`, `name`, `lastname`, `login`, `password`, `email`, `status`, `verify`, `token`) VALUES
(3, 'Thomas', 'Schagerl', 'daskleinesys', 'b43da39bb4307fe8263649106343eb3ca87b6c2d', 'thomas.schagerl@gmx.net', 'admin', NULL, 'lWCeJsquj5XQb6LZRNt4yofwvScgjhtMQDyH7h3eJFopGAVNkP'),
(14, 'Thomas', 'Schagerl', 'tommel', 'a3308aef7ef9423cfe8dba674f5d3e6e08346db6', 'thomas.schagerl@gmx.net', 'moderator', NULL, 'eQbnEyZY9NLDnTD0MShfzuMxfP8y1c6u2GSmPIOUR9qFkscEJF'),
(15, 'hrym', 'hrym', 'hrym', '88098463a351f6a85bbb89acbb2ab5121447d2c1', 'nemecek@gmx.net', 'active', NULL, ''),
(30, 'Jack', 'Silver', 'Sunny', 'fb8b100bab666ce62522a1d23ae35b14bca9b92c', 'informatics@gmx.net', 'active', '0a158aa7deb5ba43a94e3dc5fca57e3c860b5642', ''),
(31, 'Georg', 'Lang', 'NumberOne', 'c899326fbf877e8b69b46c1ca64467b2dd87518b', 'gela1@langundco.at', 'active', 'd41efb43abacd9b0d85034bac761f97671b72c40', ''),
(32, 'Ben', 'Wenzel', 'Thrias', 'afe5fd4ff1a85caa390fd9f36005c6f785b58cb4', 'siegfried16@gmx.at', 'active', '91f4f112d7e67385106be5444b042c48c19d45d2', ''),
(33, 'lukas', 'geyrhofer', 'lukas', 'a9fd7405d731bfc39819a458af34c930cb9abe67', 'lukas.geyrhofer@gmx.at', 'active', 'deb162b01c1b7929b66a5ce2aa4ef77ebd371d88', ''),
(34, 'Manuela', 'Steininger', 'Manu', '957f3694f92a4d026e3983215766941e841295bd', 'manuela.steininger@gmx.at', 'active', '713d4a12fcde45c33b1a097704ecfb73b659e5cb', ''),
(35, 'tom', 'schagerl', 'testererkerl', 'f77dee183038c6e715f7f48300e0840e0e25cacc', 'thomas.schagerl@gmx.net', 'deleted', 'dc6b3ae8e99b3e69192d9f942ab979c951c26847', '');

-- --------------------------------------------------------

--
-- Table structure for table `z58_areas`
--

CREATE TABLE `z58_areas` (
  `id` int(11) NOT NULL,
  `tank` int(11) NOT NULL DEFAULT '0',
  `id_user` int(11) NOT NULL DEFAULT '-1',
  `id_area` int(11) NOT NULL,
  `id_resource` int(11) NOT NULL DEFAULT '0',
  `productivity` int(11) NOT NULL DEFAULT '0'
) ENGINE=InnoDB DEFAULT CHARSET=utf8;

--
-- Dumping data for table `z58_areas`
--

INSERT INTO `z58_areas` (`id`, `tank`, `id_user`, `id_area`, `id_resource`, `productivity`) VALUES
(1, 0, -1, 1, 5, 1),
(2, 0, -1, 2, 1, 2),
(3, 0, -1, 3, 3, 3),
(4, 0, -1, 4, 2, 2),
(5, 0, -1, 5, 4, 3),
(6, 0, 14, 6, 4, 3),
(7, 0, -1, 7, 1, 3),
(8, 0, -1, 8, 2, 3),
(9, 0, -1, 9, 3, 4),
(10, 0, 3, 10, 3, 4),
(11, 0, -1, 11, 2, 4),
(12, 0, -1, 12, 3, 2),
(13, 0, -1, 13, 1, 1),
(14, 0, -1, 14, 5, 1),
(15, 0, -1, 15, 5, 1),
(16, 0, -1, 16, 4, 2),
(17, 0, 14, 17, 4, 2),
(18, 0, -1, 18, 5, 1),
(19, 0, -1, 19, 3, 2),
(20, 0, 14, 20, 2, 2),
(21, 0, -1, 21, 2, 4),
(22, 0, -1, 22, 4, 4),
(23, 0, -1, 23, 3, 3),
(24, 0, -1, 24, 4, 4),
(25, 0, -1, 25, 1, 4),
(26, 0, -1, 26, 1, 4),
(27, 0, 3, 27, 1, 3),
(28, 0, 14, 28, 1, 4),
(29, 0, -1, 29, 2, 3),
(30, 0, -1, 30, 4, 2),
(31, 0, -1, 31, 1, 2),
(32, 0, -1, 32, 2, 2),
(33, 0, -1, 33, 1, 1),
(34, 0, -1, 34, 1, 2),
(35, 0, -1, 35, 4, 2),
(36, 0, -1, 36, 3, 1),
(37, 0, -1, 37, 2, 1),
(38, 0, -1, 38, 3, 2),
(39, 0, -1, 39, 5, 1),
(40, 0, 3, 40, 5, 1),
(41, 0, -1, 41, 2, 3),
(42, 0, 3, 42, 4, 2),
(43, 0, -1, 43, 4, 3),
(44, 0, 3, 44, 1, 2),
(45, 0, -1, 45, 3, 2),
(46, 0, -1, 46, 3, 2),
(47, 0, -1, 47, 5, 1),
(48, 0, -1, 48, 1, 3),
(49, 0, -1, 49, 3, 3),
(50, 0, 3, 50, 4, 2),
(51, 0, -1, 51, 4, 1),
(52, 0, -1, 52, 3, 3),
(53, 0, -1, 53, 1, 1),
(54, 0, -1, 54, 2, 2),
(55, 0, 14, 55, 1, 1),
(56, 0, -1, 56, 3, 2),
(57, 0, -1, 57, 2, 2),
(58, 0, -1, 58, 4, 3),
(59, 0, -1, 59, 1, 2),
(60, 0, -1, 60, 1, 3),
(61, 0, -1, 61, 3, 3),
(62, 0, -1, 62, 1, 2),
(63, 0, -1, 63, 5, 1),
(64, 0, -1, 64, 1, 1),
(65, 0, -1, 65, 5, 1),
(66, 0, 14, 66, 5, 1),
(67, 0, -1, 67, 1, 1),
(68, 0, -1, 68, 2, 2),
(69, 0, 14, 69, 5, 1),
(70, 0, -1, 70, 4, 3),
(71, 0, -1, 71, 4, 2),
(72, 0, -1, 72, 1, 3),
(73, 0, -1, 73, 1, 1),
(74, 0, -1, 74, 2, 3),
(75, 0, -1, 75, 2, 3),
(76, 0, -1, 76, 3, 2),
(77, 0, -1, 77, 5, 1),
(78, 0, -1, 78, 5, 1),
(79, 0, -1, 79, 5, 1),
(80, 0, 3, 80, 2, 2),
(81, 0, -1, 81, 0, 0),
(82, 0, -1, 82, 0, 0),
(83, 0, -1, 83, 0, 0),
(84, 0, -1, 84, 0, 0),
(85, 0, -1, 85, 0, 0),
(86, 0, -1, 86, 0, 0),
(87, 0, -1, 87, 0, 0),
(88, 0, -1, 88, 0, 0),
(89, 0, -1, 89, 0, 0),
(90, 0, -1, 90, 0, 0),
(91, 0, -1, 91, 0, 0),
(92, 0, -1, 92, 0, 0),
(93, 0, -1, 93, 0, 0),
(94, 0, -1, 94, 0, 0),
(95, 0, -1, 95, 0, 0),
(96, 0, -1, 96, 0, 0),
(97, 0, -1, 97, 0, 0),
(98, 0, -1, 98, 0, 0),
(99, 0, -1, 99, 0, 0),
(100, 0, -1, 100, 0, 0),
(101, 0, -1, 101, 0, 0),
(102, 0, -1, 102, 0, 0),
(103, 0, -1, 103, 0, 0),
(104, 0, -1, 104, 0, 0),
(105, 0, -1, 105, 0, 0),
(106, 0, -1, 106, 0, 0),
(107, 0, -1, 107, 0, 0),
(108, 0, -1, 108, 0, 0),
(109, 0, -1, 109, 0, 0),
(110, 0, -1, 110, 0, 0),
(111, 0, -1, 111, 0, 0),
(112, 0, -1, 112, 0, 0),
(113, 0, -1, 113, 0, 0),
(114, 0, -1, 114, 0, 0),
(115, 0, -1, 115, 0, 0),
(116, 0, -1, 116, 0, 0),
(117, 0, -1, 117, 0, 0),
(118, 0, -1, 118, 0, 0),
(119, 0, -1, 119, 0, 0),
(120, 0, -1, 120, 0, 0),
(121, 0, -1, 121, 0, 0),
(122, 0, -1, 122, 0, 0),
(123, 0, -1, 123, 0, 0),
(124, 0, -1, 124, 0, 0),
(125, 0, -1, 125, 0, 0),
(126, 0, -1, 126, 0, 0),
(127, 0, -1, 127, 0, 0),
(128, 0, -1, 128, 0, 0),
(129, 0, -1, 129, 0, 0),
(130, 0, -1, 130, 0, 0),
(131, 0, -1, 131, 0, 0),
(132, 0, -1, 132, 0, 0),
(133, 0, -1, 133, 0, 0),
(134, 0, -1, 134, 0, 0),
(135, 0, -1, 135, 0, 0),
(136, 0, -1, 136, 0, 0),
(137, 0, -1, 137, 0, 0),
(138, 0, -1, 138, 0, 0),
(139, 0, -1, 139, 0, 0),
(140, 0, -1, 140, 0, 0),
(141, 0, -1, 141, 0, 0),
(142, 0, -1, 142, 0, 0),
(143, 0, -1, 143, 0, 0);

-- --------------------------------------------------------

--
-- Table structure for table `z58_battle_reports`
--

CREATE TABLE `z58_battle_reports` (
  `id` int(11) NOT NULL,
  `id_winner` int(11) DEFAULT NULL,
  `round` int(11) NOT NULL,
  `id_phase` int(11) NOT NULL
) ENGINE=InnoDB DEFAULT CHARSET=utf8;

-- --------------------------------------------------------

--
-- Table structure for table `z58_battle_reports_units`
--

CREATE TABLE `z58_battle_reports_units` (
  `id` int(11) NOT NULL,
  `id_battle` int(11) NOT NULL,
  `id_user` int(11) NOT NULL,
  `battle_round` int(11) NOT NULL,
  `type` enum('start','heal','loss','end') NOT NULL DEFAULT 'start',
  `id_unit` int(11) NOT NULL,
  `numberof` int(11) NOT NULL
) ENGINE=InnoDB DEFAULT CHARSET=utf8;

-- --------------------------------------------------------

--
-- Table structure for table `z58_battle_reports_user`
--

CREATE TABLE `z58_battle_reports_user` (
  `id` int(11) NOT NULL,
  `id_battle` int(11) NOT NULL,
  `id_user` int(11) NOT NULL,
  `id_targetarea` int(11) DEFAULT NULL,
  `id_finalarea` int(11) DEFAULT NULL,
  `show` tinyint(1) NOT NULL
) ENGINE=InnoDB DEFAULT CHARSET=utf8;

-- --------------------------------------------------------

--
-- Table structure for table `z58_moves`
--

CREATE TABLE `z58_moves` (
  `id` int(11) NOT NULL,
  `id_user` int(11) NOT NULL,
  `id_phase` int(11) NOT NULL,
  `round` int(11) NOT NULL DEFAULT '0',
  `deleted` tinyint(4) NOT NULL DEFAULT '0',
  `id_move_error` int(11) DEFAULT NULL
) ENGINE=InnoDB DEFAULT CHARSET=utf8;

--
-- Dumping data for table `z58_moves`
--

INSERT INTO `z58_moves` (`id`, `id_user`, `id_phase`, `round`, `deleted`, `id_move_error`) VALUES
(4, 14, 22, 0, 0, NULL),
(5, 3, 22, 0, 0, NULL),
(6, 14, 1, 1, 1, NULL),
(7, 14, 1, 1, 1, NULL),
(8, 14, 1, 1, 1, NULL),
(9, 14, 1, 1, 1, NULL),
(10, 14, 1, 1, 1, NULL),
(11, 14, 1, 1, 1, NULL),
(12, 14, 1, 1, 1, NULL),
(13, 14, 1, 1, 1, NULL),
(14, 14, 1, 1, 1, NULL),
(15, 14, 1, 1, 1, NULL),
(16, 14, 1, 1, 1, NULL),
(17, 14, 1, 1, 1, NULL),
(18, 14, 1, 1, 0, NULL),
(19, 14, 1, 1, 0, NULL),
(20, 14, 1, 1, 1, NULL),
(21, 14, 1, 1, 0, NULL),
(22, 14, 1, 1, 0, NULL),
(23, 3, 1, 1, 0, NULL),
(24, 3, 1, 1, 0, NULL);

-- --------------------------------------------------------

--
-- Table structure for table `z58_moves_areas`
--

CREATE TABLE `z58_moves_areas` (
  `id` int(11) NOT NULL,
  `id_zmove` int(11) NOT NULL,
  `id_zarea` int(11) NOT NULL,
  `step` int(11) NOT NULL DEFAULT '1'
) ENGINE=InnoDB DEFAULT CHARSET=utf8;

--
-- Dumping data for table `z58_moves_areas`
--

INSERT INTO `z58_moves_areas` (`id`, `id_zmove`, `id_zarea`, `step`) VALUES
(1, 4, 28, 1),
(2, 4, 6, 2),
(7, 4, 20, 4),
(8, 4, 17, 4),
(10, 4, 55, 5),
(11, 4, 69, 3),
(12, 4, 66, 3),
(13, 5, 10, 1),
(14, 5, 27, 2),
(15, 5, 80, 3),
(16, 5, 42, 4),
(17, 5, 40, 4),
(20, 5, 44, 5),
(21, 5, 50, 5),
(22, 6, 6, 1),
(23, 6, 5, 2),
(24, 7, 6, 1),
(25, 7, 10, 2),
(26, 8, 6, 1),
(27, 8, 10, 2),
(28, 9, 20, 1),
(29, 9, 16, 2),
(30, 10, 20, 1),
(31, 10, 16, 2),
(32, 11, 20, 1),
(33, 11, 16, 2),
(34, 12, 20, 1),
(35, 12, 17, 2),
(36, 13, 17, 1),
(37, 13, 16, 2),
(38, 14, 20, 1),
(39, 14, 17, 2),
(40, 15, 17, 1),
(41, 15, 16, 2),
(42, 16, 6, 1),
(43, 16, 4, 2),
(44, 17, 6, 1),
(45, 17, 5, 2),
(46, 18, 17, 1),
(47, 18, 16, 2),
(48, 19, 20, 1),
(49, 19, 17, 2),
(50, 20, 17, 1),
(51, 20, 16, 2),
(52, 21, 17, 1),
(53, 21, 20, 2),
(54, 22, 20, 1),
(55, 22, 16, 2),
(56, 23, 44, 1),
(57, 23, 47, 2),
(58, 24, 50, 1),
(59, 24, 47, 2);

-- --------------------------------------------------------

--
-- Table structure for table `z58_moves_units`
--

CREATE TABLE `z58_moves_units` (
  `id` int(11) NOT NULL,
  `id_zunit` int(11) DEFAULT NULL,
  `id_zmove` int(11) NOT NULL,
  `numberof` int(11) DEFAULT NULL
) ENGINE=InnoDB DEFAULT CHARSET=utf8;

--
-- Dumping data for table `z58_moves_units`
--

INSERT INTO `z58_moves_units` (`id`, `id_zunit`, `id_zmove`, `numberof`) VALUES
(1, 869, 6, 1),
(2, 870, 6, 0),
(3, 871, 6, 0),
(4, 872, 6, 0),
(5, 869, 7, 3),
(6, 870, 7, 3),
(7, 871, 7, 3),
(8, 872, 7, 2),
(9, 869, 8, 1),
(10, 870, 8, 1),
(11, 871, 8, 1),
(12, 872, 8, 0),
(13, 873, 9, 0),
(14, 874, 9, 0),
(15, 875, 9, 0),
(16, 876, 9, 1),
(17, 873, 10, 0),
(18, 874, 10, 0),
(19, 875, 10, 1),
(20, 876, 10, 0),
(21, 873, 11, 0),
(22, 874, 11, 0),
(23, 875, 11, 1),
(24, 876, 11, 1),
(25, 873, 12, 1),
(26, 874, 12, 0),
(27, 875, 12, 0),
(28, 876, 12, 0),
(29, 877, 13, 2),
(30, 878, 13, 2),
(31, 879, 13, 2),
(32, 880, 13, 2),
(33, 873, 14, 0),
(34, 874, 14, 1),
(35, 875, 14, 0),
(36, 876, 14, 0),
(37, 877, 15, 1),
(38, 878, 15, 0),
(39, 879, 15, 0),
(40, 880, 15, 0),
(41, 869, 16, 0),
(42, 870, 16, 0),
(43, 871, 16, 0),
(44, 872, 16, 1),
(45, 869, 17, 1),
(46, 870, 17, 1),
(47, 871, 17, 1),
(48, 872, 17, 0),
(49, 877, 18, 1),
(50, 878, 18, 2),
(51, 879, 18, 2),
(52, 880, 18, 2),
(53, 873, 19, 2),
(54, 874, 19, 2),
(55, 875, 19, 2),
(56, 876, 19, 1),
(57, 877, 20, 1),
(58, 878, 20, 0),
(59, 879, 20, 0),
(60, 880, 20, 0),
(61, 877, 21, 1),
(62, 878, 21, 0),
(63, 879, 21, 0),
(64, 880, 21, 0),
(65, 873, 22, 0),
(66, 874, 22, 0),
(67, 875, 22, 0),
(68, 876, 22, 1),
(69, 913, 23, 2),
(70, 914, 23, 2),
(71, 915, 23, 2),
(72, 916, 23, 1),
(73, 917, 24, 1),
(74, 918, 24, 1),
(75, 919, 24, 1),
(76, 920, 24, 1);

-- --------------------------------------------------------

--
-- Table structure for table `z58_techs`
--

CREATE TABLE `z58_techs` (
  `id` int(11) NOT NULL,
  `id_user` int(11) NOT NULL,
  `id_techs` int(11) NOT NULL
) ENGINE=InnoDB DEFAULT CHARSET=utf8;

-- --------------------------------------------------------

--
-- Table structure for table `z58_traderoutes`
--

CREATE TABLE `z58_traderoutes` (
  `id` int(11) NOT NULL,
  `name` varchar(40) DEFAULT NULL,
  `id_traderoute1` int(11) NOT NULL,
  `id_traderoute2` int(11) NOT NULL DEFAULT '0',
  `value` int(11) NOT NULL DEFAULT '0',
  `max_value` int(11) NOT NULL,
  `id_user` int(11) NOT NULL
) ENGINE=InnoDB DEFAULT CHARSET=utf8;

-- --------------------------------------------------------

--
-- Table structure for table `z58_units`
--

CREATE TABLE `z58_units` (
  `id` int(11) NOT NULL,
  `tank` int(11) DEFAULT NULL,
  `hitpoints` int(11) DEFAULT NULL,
  `name` varchar(40) DEFAULT NULL,
  `experience` int(11) DEFAULT NULL,
  `count` int(11) DEFAULT NULL,
  `dive_status` enum('up','diving','silent') DEFAULT NULL,
  `id_user` int(11) NOT NULL,
  `id_zarea` int(11) DEFAULT NULL,
  `id_zsea` int(11) DEFAULT NULL,
  `id_unit` int(11) NOT NULL
) ENGINE=InnoDB DEFAULT CHARSET=utf8;

--
-- Dumping data for table `z58_units`
--

INSERT INTO `z58_units` (`id`, `tank`, `hitpoints`, `name`, `experience`, `count`, `dive_status`, `id_user`, `id_zarea`, `id_zsea`, `id_unit`) VALUES
(865, NULL, NULL, NULL, NULL, 4, NULL, 14, 28, NULL, 1),
(866, NULL, NULL, NULL, NULL, 4, NULL, 14, 28, NULL, 2),
(867, NULL, NULL, NULL, NULL, 4, NULL, 14, 28, NULL, 3),
(868, NULL, NULL, NULL, NULL, 4, NULL, 14, 28, NULL, 4),
(869, NULL, NULL, NULL, NULL, 3, NULL, 14, 6, NULL, 1),
(870, NULL, NULL, NULL, NULL, 3, NULL, 14, 6, NULL, 2),
(871, NULL, NULL, NULL, NULL, 3, NULL, 14, 6, NULL, 3),
(872, NULL, NULL, NULL, NULL, 3, NULL, 14, 6, NULL, 4),
(873, NULL, NULL, NULL, NULL, 2, NULL, 14, 20, NULL, 1),
(874, NULL, NULL, NULL, NULL, 2, NULL, 14, 20, NULL, 2),
(875, NULL, NULL, NULL, NULL, 2, NULL, 14, 20, NULL, 3),
(876, NULL, NULL, NULL, NULL, 2, NULL, 14, 20, NULL, 4),
(877, NULL, NULL, NULL, NULL, 2, NULL, 14, 17, NULL, 1),
(878, NULL, NULL, NULL, NULL, 2, NULL, 14, 17, NULL, 2),
(879, NULL, NULL, NULL, NULL, 2, NULL, 14, 17, NULL, 3),
(880, NULL, NULL, NULL, NULL, 2, NULL, 14, 17, NULL, 4),
(881, NULL, NULL, NULL, NULL, 2, NULL, 14, 55, NULL, 1),
(882, NULL, NULL, NULL, NULL, 2, NULL, 14, 55, NULL, 2),
(883, NULL, NULL, NULL, NULL, 2, NULL, 14, 55, NULL, 3),
(884, NULL, NULL, NULL, NULL, 2, NULL, 14, 55, NULL, 4),
(885, NULL, NULL, NULL, NULL, 2, NULL, 14, 69, NULL, 1),
(886, NULL, NULL, NULL, NULL, 2, NULL, 14, 69, NULL, 2),
(887, NULL, NULL, NULL, NULL, 2, NULL, 14, 69, NULL, 3),
(888, NULL, NULL, NULL, NULL, 2, NULL, 14, 69, NULL, 4),
(889, NULL, NULL, NULL, NULL, 2, NULL, 14, 66, NULL, 1),
(890, NULL, NULL, NULL, NULL, 2, NULL, 14, 66, NULL, 2),
(891, NULL, NULL, NULL, NULL, 2, NULL, 14, 66, NULL, 3),
(892, NULL, NULL, NULL, NULL, 2, NULL, 14, 66, NULL, 4),
(893, NULL, NULL, NULL, NULL, 4, NULL, 3, 10, NULL, 1),
(894, NULL, NULL, NULL, NULL, 4, NULL, 3, 10, NULL, 2),
(895, NULL, NULL, NULL, NULL, 4, NULL, 3, 10, NULL, 3),
(896, NULL, NULL, NULL, NULL, 4, NULL, 3, 10, NULL, 4),
(897, NULL, NULL, NULL, NULL, 3, NULL, 3, 27, NULL, 1),
(898, NULL, NULL, NULL, NULL, 3, NULL, 3, 27, NULL, 2),
(899, NULL, NULL, NULL, NULL, 3, NULL, 3, 27, NULL, 3),
(900, NULL, NULL, NULL, NULL, 3, NULL, 3, 27, NULL, 4),
(901, NULL, NULL, NULL, NULL, 2, NULL, 3, 80, NULL, 1),
(902, NULL, NULL, NULL, NULL, 2, NULL, 3, 80, NULL, 2),
(903, NULL, NULL, NULL, NULL, 2, NULL, 3, 80, NULL, 3),
(904, NULL, NULL, NULL, NULL, 2, NULL, 3, 80, NULL, 4),
(905, NULL, NULL, NULL, NULL, 2, NULL, 3, 42, NULL, 1),
(906, NULL, NULL, NULL, NULL, 2, NULL, 3, 42, NULL, 2),
(907, NULL, NULL, NULL, NULL, 2, NULL, 3, 42, NULL, 3),
(908, NULL, NULL, NULL, NULL, 2, NULL, 3, 42, NULL, 4),
(909, NULL, NULL, NULL, NULL, 2, NULL, 3, 40, NULL, 1),
(910, NULL, NULL, NULL, NULL, 2, NULL, 3, 40, NULL, 2),
(911, NULL, NULL, NULL, NULL, 2, NULL, 3, 40, NULL, 3),
(912, NULL, NULL, NULL, NULL, 2, NULL, 3, 40, NULL, 4),
(913, NULL, NULL, NULL, NULL, 2, NULL, 3, 44, NULL, 1),
(914, NULL, NULL, NULL, NULL, 2, NULL, 3, 44, NULL, 2),
(915, NULL, NULL, NULL, NULL, 2, NULL, 3, 44, NULL, 3),
(916, NULL, NULL, NULL, NULL, 2, NULL, 3, 44, NULL, 4),
(917, NULL, NULL, NULL, NULL, 2, NULL, 3, 50, NULL, 1),
(918, NULL, NULL, NULL, NULL, 2, NULL, 3, 50, NULL, 2),
(919, NULL, NULL, NULL, NULL, 2, NULL, 3, 50, NULL, 3),
(920, NULL, NULL, NULL, NULL, 2, NULL, 3, 50, NULL, 4),
(921, NULL, NULL, NULL, NULL, 1, NULL, -1, 1, NULL, 1),
(922, NULL, NULL, NULL, NULL, 1, NULL, -1, 1, NULL, 2),
(923, NULL, NULL, NULL, NULL, 1, NULL, -1, 1, NULL, 3),
(924, NULL, NULL, NULL, NULL, 1, NULL, -1, 1, NULL, 4),
(925, NULL, NULL, NULL, NULL, 3, NULL, -1, 2, NULL, 1),
(926, NULL, NULL, NULL, NULL, 3, NULL, -1, 2, NULL, 2),
(927, NULL, NULL, NULL, NULL, 3, NULL, -1, 2, NULL, 3),
(928, NULL, NULL, NULL, NULL, 3, NULL, -1, 2, NULL, 4),
(929, NULL, NULL, NULL, NULL, 3, NULL, -1, 3, NULL, 1),
(930, NULL, NULL, NULL, NULL, 3, NULL, -1, 3, NULL, 2),
(931, NULL, NULL, NULL, NULL, 3, NULL, -1, 3, NULL, 3),
(932, NULL, NULL, NULL, NULL, 3, NULL, -1, 3, NULL, 4),
(933, NULL, NULL, NULL, NULL, 2, NULL, -1, 4, NULL, 1),
(934, NULL, NULL, NULL, NULL, 2, NULL, -1, 4, NULL, 2),
(935, NULL, NULL, NULL, NULL, 2, NULL, -1, 4, NULL, 3),
(936, NULL, NULL, NULL, NULL, 2, NULL, -1, 4, NULL, 4),
(937, NULL, NULL, NULL, NULL, 3, NULL, -1, 5, NULL, 1),
(938, NULL, NULL, NULL, NULL, 3, NULL, -1, 5, NULL, 2),
(939, NULL, NULL, NULL, NULL, 3, NULL, -1, 5, NULL, 3),
(940, NULL, NULL, NULL, NULL, 3, NULL, -1, 5, NULL, 4),
(941, NULL, NULL, NULL, NULL, 4, NULL, -1, 7, NULL, 1),
(942, NULL, NULL, NULL, NULL, 4, NULL, -1, 7, NULL, 2),
(943, NULL, NULL, NULL, NULL, 4, NULL, -1, 7, NULL, 3),
(944, NULL, NULL, NULL, NULL, 4, NULL, -1, 7, NULL, 4),
(945, NULL, NULL, NULL, NULL, 3, NULL, -1, 8, NULL, 1),
(946, NULL, NULL, NULL, NULL, 3, NULL, -1, 8, NULL, 2),
(947, NULL, NULL, NULL, NULL, 3, NULL, -1, 8, NULL, 3),
(948, NULL, NULL, NULL, NULL, 3, NULL, -1, 8, NULL, 4),
(949, NULL, NULL, NULL, NULL, 4, NULL, -1, 9, NULL, 1),
(950, NULL, NULL, NULL, NULL, 4, NULL, -1, 9, NULL, 2),
(951, NULL, NULL, NULL, NULL, 4, NULL, -1, 9, NULL, 3),
(952, NULL, NULL, NULL, NULL, 4, NULL, -1, 9, NULL, 4),
(953, NULL, NULL, NULL, NULL, 4, NULL, -1, 11, NULL, 1),
(954, NULL, NULL, NULL, NULL, 4, NULL, -1, 11, NULL, 2),
(955, NULL, NULL, NULL, NULL, 4, NULL, -1, 11, NULL, 3),
(956, NULL, NULL, NULL, NULL, 4, NULL, -1, 11, NULL, 4),
(957, NULL, NULL, NULL, NULL, 2, NULL, -1, 12, NULL, 1),
(958, NULL, NULL, NULL, NULL, 2, NULL, -1, 12, NULL, 2),
(959, NULL, NULL, NULL, NULL, 2, NULL, -1, 12, NULL, 3),
(960, NULL, NULL, NULL, NULL, 2, NULL, -1, 12, NULL, 4),
(961, NULL, NULL, NULL, NULL, 2, NULL, -1, 13, NULL, 1),
(962, NULL, NULL, NULL, NULL, 2, NULL, -1, 13, NULL, 2),
(963, NULL, NULL, NULL, NULL, 2, NULL, -1, 13, NULL, 3),
(964, NULL, NULL, NULL, NULL, 2, NULL, -1, 13, NULL, 4),
(965, NULL, NULL, NULL, NULL, 1, NULL, -1, 14, NULL, 1),
(966, NULL, NULL, NULL, NULL, 1, NULL, -1, 14, NULL, 2),
(967, NULL, NULL, NULL, NULL, 1, NULL, -1, 14, NULL, 3),
(968, NULL, NULL, NULL, NULL, 1, NULL, -1, 14, NULL, 4),
(969, NULL, NULL, NULL, NULL, 1, NULL, -1, 15, NULL, 1),
(970, NULL, NULL, NULL, NULL, 1, NULL, -1, 15, NULL, 2),
(971, NULL, NULL, NULL, NULL, 1, NULL, -1, 15, NULL, 3),
(972, NULL, NULL, NULL, NULL, 1, NULL, -1, 15, NULL, 4),
(973, NULL, NULL, NULL, NULL, 2, NULL, -1, 16, NULL, 1),
(974, NULL, NULL, NULL, NULL, 2, NULL, -1, 16, NULL, 2),
(975, NULL, NULL, NULL, NULL, 2, NULL, -1, 16, NULL, 3),
(976, NULL, NULL, NULL, NULL, 2, NULL, -1, 16, NULL, 4),
(977, NULL, NULL, NULL, NULL, 1, NULL, -1, 18, NULL, 1),
(978, NULL, NULL, NULL, NULL, 1, NULL, -1, 18, NULL, 2),
(979, NULL, NULL, NULL, NULL, 1, NULL, -1, 18, NULL, 3),
(980, NULL, NULL, NULL, NULL, 1, NULL, -1, 18, NULL, 4),
(981, NULL, NULL, NULL, NULL, 2, NULL, -1, 19, NULL, 1),
(982, NULL, NULL, NULL, NULL, 2, NULL, -1, 19, NULL, 2),
(983, NULL, NULL, NULL, NULL, 2, NULL, -1, 19, NULL, 3),
(984, NULL, NULL, NULL, NULL, 2, NULL, -1, 19, NULL, 4),
(985, NULL, NULL, NULL, NULL, 4, NULL, -1, 21, NULL, 1),
(986, NULL, NULL, NULL, NULL, 4, NULL, -1, 21, NULL, 2),
(987, NULL, NULL, NULL, NULL, 4, NULL, -1, 21, NULL, 3),
(988, NULL, NULL, NULL, NULL, 4, NULL, -1, 21, NULL, 4),
(989, NULL, NULL, NULL, NULL, 4, NULL, -1, 22, NULL, 1),
(990, NULL, NULL, NULL, NULL, 4, NULL, -1, 22, NULL, 2),
(991, NULL, NULL, NULL, NULL, 4, NULL, -1, 22, NULL, 3),
(992, NULL, NULL, NULL, NULL, 4, NULL, -1, 22, NULL, 4),
(993, NULL, NULL, NULL, NULL, 3, NULL, -1, 23, NULL, 1),
(994, NULL, NULL, NULL, NULL, 3, NULL, -1, 23, NULL, 2),
(995, NULL, NULL, NULL, NULL, 3, NULL, -1, 23, NULL, 3),
(996, NULL, NULL, NULL, NULL, 3, NULL, -1, 23, NULL, 4),
(997, NULL, NULL, NULL, NULL, 4, NULL, -1, 24, NULL, 1),
(998, NULL, NULL, NULL, NULL, 4, NULL, -1, 24, NULL, 2),
(999, NULL, NULL, NULL, NULL, 4, NULL, -1, 24, NULL, 3),
(1000, NULL, NULL, NULL, NULL, 4, NULL, -1, 24, NULL, 4),
(1001, NULL, NULL, NULL, NULL, 5, NULL, -1, 25, NULL, 1),
(1002, NULL, NULL, NULL, NULL, 5, NULL, -1, 25, NULL, 2),
(1003, NULL, NULL, NULL, NULL, 5, NULL, -1, 25, NULL, 3),
(1004, NULL, NULL, NULL, NULL, 5, NULL, -1, 25, NULL, 4),
(1005, NULL, NULL, NULL, NULL, 5, NULL, -1, 26, NULL, 1),
(1006, NULL, NULL, NULL, NULL, 5, NULL, -1, 26, NULL, 2),
(1007, NULL, NULL, NULL, NULL, 5, NULL, -1, 26, NULL, 3),
(1008, NULL, NULL, NULL, NULL, 5, NULL, -1, 26, NULL, 4),
(1009, NULL, NULL, NULL, NULL, 3, NULL, -1, 29, NULL, 1),
(1010, NULL, NULL, NULL, NULL, 3, NULL, -1, 29, NULL, 2),
(1011, NULL, NULL, NULL, NULL, 3, NULL, -1, 29, NULL, 3),
(1012, NULL, NULL, NULL, NULL, 3, NULL, -1, 29, NULL, 4),
(1013, NULL, NULL, NULL, NULL, 2, NULL, -1, 30, NULL, 1),
(1014, NULL, NULL, NULL, NULL, 2, NULL, -1, 30, NULL, 2),
(1015, NULL, NULL, NULL, NULL, 2, NULL, -1, 30, NULL, 3),
(1016, NULL, NULL, NULL, NULL, 2, NULL, -1, 30, NULL, 4),
(1017, NULL, NULL, NULL, NULL, 3, NULL, -1, 31, NULL, 1),
(1018, NULL, NULL, NULL, NULL, 3, NULL, -1, 31, NULL, 2),
(1019, NULL, NULL, NULL, NULL, 3, NULL, -1, 31, NULL, 3),
(1020, NULL, NULL, NULL, NULL, 3, NULL, -1, 31, NULL, 4),
(1021, NULL, NULL, NULL, NULL, 2, NULL, -1, 32, NULL, 1),
(1022, NULL, NULL, NULL, NULL, 2, NULL, -1, 32, NULL, 2),
(1023, NULL, NULL, NULL, NULL, 2, NULL, -1, 32, NULL, 3),
(1024, NULL, NULL, NULL, NULL, 2, NULL, -1, 32, NULL, 4),
(1025, NULL, NULL, NULL, NULL, 2, NULL, -1, 33, NULL, 1),
(1026, NULL, NULL, NULL, NULL, 2, NULL, -1, 33, NULL, 2),
(1027, NULL, NULL, NULL, NULL, 2, NULL, -1, 33, NULL, 3),
(1028, NULL, NULL, NULL, NULL, 2, NULL, -1, 33, NULL, 4),
(1029, NULL, NULL, NULL, NULL, 3, NULL, -1, 34, NULL, 1),
(1030, NULL, NULL, NULL, NULL, 3, NULL, -1, 34, NULL, 2),
(1031, NULL, NULL, NULL, NULL, 3, NULL, -1, 34, NULL, 3),
(1032, NULL, NULL, NULL, NULL, 3, NULL, -1, 34, NULL, 4),
(1033, NULL, NULL, NULL, NULL, 2, NULL, -1, 35, NULL, 1),
(1034, NULL, NULL, NULL, NULL, 2, NULL, -1, 35, NULL, 2),
(1035, NULL, NULL, NULL, NULL, 2, NULL, -1, 35, NULL, 3),
(1036, NULL, NULL, NULL, NULL, 2, NULL, -1, 35, NULL, 4),
(1037, NULL, NULL, NULL, NULL, 1, NULL, -1, 36, NULL, 1),
(1038, NULL, NULL, NULL, NULL, 1, NULL, -1, 36, NULL, 2),
(1039, NULL, NULL, NULL, NULL, 1, NULL, -1, 36, NULL, 3),
(1040, NULL, NULL, NULL, NULL, 1, NULL, -1, 36, NULL, 4),
(1041, NULL, NULL, NULL, NULL, 1, NULL, -1, 37, NULL, 1),
(1042, NULL, NULL, NULL, NULL, 1, NULL, -1, 37, NULL, 2),
(1043, NULL, NULL, NULL, NULL, 1, NULL, -1, 37, NULL, 3),
(1044, NULL, NULL, NULL, NULL, 1, NULL, -1, 37, NULL, 4),
(1045, NULL, NULL, NULL, NULL, 2, NULL, -1, 38, NULL, 1),
(1046, NULL, NULL, NULL, NULL, 2, NULL, -1, 38, NULL, 2),
(1047, NULL, NULL, NULL, NULL, 2, NULL, -1, 38, NULL, 3),
(1048, NULL, NULL, NULL, NULL, 2, NULL, -1, 38, NULL, 4),
(1049, NULL, NULL, NULL, NULL, 1, NULL, -1, 39, NULL, 1),
(1050, NULL, NULL, NULL, NULL, 1, NULL, -1, 39, NULL, 2),
(1051, NULL, NULL, NULL, NULL, 1, NULL, -1, 39, NULL, 3),
(1052, NULL, NULL, NULL, NULL, 1, NULL, -1, 39, NULL, 4),
(1053, NULL, NULL, NULL, NULL, 3, NULL, -1, 41, NULL, 1),
(1054, NULL, NULL, NULL, NULL, 3, NULL, -1, 41, NULL, 2),
(1055, NULL, NULL, NULL, NULL, 3, NULL, -1, 41, NULL, 3),
(1056, NULL, NULL, NULL, NULL, 3, NULL, -1, 41, NULL, 4),
(1057, NULL, NULL, NULL, NULL, 3, NULL, -1, 43, NULL, 1),
(1058, NULL, NULL, NULL, NULL, 3, NULL, -1, 43, NULL, 2),
(1059, NULL, NULL, NULL, NULL, 3, NULL, -1, 43, NULL, 3),
(1060, NULL, NULL, NULL, NULL, 3, NULL, -1, 43, NULL, 4),
(1061, NULL, NULL, NULL, NULL, 2, NULL, -1, 45, NULL, 1),
(1062, NULL, NULL, NULL, NULL, 2, NULL, -1, 45, NULL, 2),
(1063, NULL, NULL, NULL, NULL, 2, NULL, -1, 45, NULL, 3),
(1064, NULL, NULL, NULL, NULL, 2, NULL, -1, 45, NULL, 4),
(1065, NULL, NULL, NULL, NULL, 2, NULL, -1, 46, NULL, 1),
(1066, NULL, NULL, NULL, NULL, 2, NULL, -1, 46, NULL, 2),
(1067, NULL, NULL, NULL, NULL, 2, NULL, -1, 46, NULL, 3),
(1068, NULL, NULL, NULL, NULL, 2, NULL, -1, 46, NULL, 4),
(1069, NULL, NULL, NULL, NULL, 1, NULL, -1, 47, NULL, 1),
(1070, NULL, NULL, NULL, NULL, 1, NULL, -1, 47, NULL, 2),
(1071, NULL, NULL, NULL, NULL, 1, NULL, -1, 47, NULL, 3),
(1072, NULL, NULL, NULL, NULL, 1, NULL, -1, 47, NULL, 4),
(1073, NULL, NULL, NULL, NULL, 4, NULL, -1, 48, NULL, 1),
(1074, NULL, NULL, NULL, NULL, 4, NULL, -1, 48, NULL, 2),
(1075, NULL, NULL, NULL, NULL, 4, NULL, -1, 48, NULL, 3),
(1076, NULL, NULL, NULL, NULL, 4, NULL, -1, 48, NULL, 4),
(1077, NULL, NULL, NULL, NULL, 3, NULL, -1, 49, NULL, 1),
(1078, NULL, NULL, NULL, NULL, 3, NULL, -1, 49, NULL, 2),
(1079, NULL, NULL, NULL, NULL, 3, NULL, -1, 49, NULL, 3),
(1080, NULL, NULL, NULL, NULL, 3, NULL, -1, 49, NULL, 4),
(1081, NULL, NULL, NULL, NULL, 1, NULL, -1, 51, NULL, 1),
(1082, NULL, NULL, NULL, NULL, 1, NULL, -1, 51, NULL, 2),
(1083, NULL, NULL, NULL, NULL, 1, NULL, -1, 51, NULL, 3),
(1084, NULL, NULL, NULL, NULL, 1, NULL, -1, 51, NULL, 4),
(1085, NULL, NULL, NULL, NULL, 3, NULL, -1, 52, NULL, 1),
(1086, NULL, NULL, NULL, NULL, 3, NULL, -1, 52, NULL, 2),
(1087, NULL, NULL, NULL, NULL, 3, NULL, -1, 52, NULL, 3),
(1088, NULL, NULL, NULL, NULL, 3, NULL, -1, 52, NULL, 4),
(1089, NULL, NULL, NULL, NULL, 2, NULL, -1, 53, NULL, 1),
(1090, NULL, NULL, NULL, NULL, 2, NULL, -1, 53, NULL, 2),
(1091, NULL, NULL, NULL, NULL, 2, NULL, -1, 53, NULL, 3),
(1092, NULL, NULL, NULL, NULL, 2, NULL, -1, 53, NULL, 4),
(1093, NULL, NULL, NULL, NULL, 2, NULL, -1, 54, NULL, 1),
(1094, NULL, NULL, NULL, NULL, 2, NULL, -1, 54, NULL, 2),
(1095, NULL, NULL, NULL, NULL, 2, NULL, -1, 54, NULL, 3),
(1096, NULL, NULL, NULL, NULL, 2, NULL, -1, 54, NULL, 4),
(1097, NULL, NULL, NULL, NULL, 2, NULL, -1, 56, NULL, 1),
(1098, NULL, NULL, NULL, NULL, 2, NULL, -1, 56, NULL, 2),
(1099, NULL, NULL, NULL, NULL, 2, NULL, -1, 56, NULL, 3),
(1100, NULL, NULL, NULL, NULL, 2, NULL, -1, 56, NULL, 4),
(1101, NULL, NULL, NULL, NULL, 2, NULL, -1, 57, NULL, 1),
(1102, NULL, NULL, NULL, NULL, 2, NULL, -1, 57, NULL, 2),
(1103, NULL, NULL, NULL, NULL, 2, NULL, -1, 57, NULL, 3),
(1104, NULL, NULL, NULL, NULL, 2, NULL, -1, 57, NULL, 4),
(1105, NULL, NULL, NULL, NULL, 3, NULL, -1, 58, NULL, 1),
(1106, NULL, NULL, NULL, NULL, 3, NULL, -1, 58, NULL, 2),
(1107, NULL, NULL, NULL, NULL, 3, NULL, -1, 58, NULL, 3),
(1108, NULL, NULL, NULL, NULL, 3, NULL, -1, 58, NULL, 4),
(1109, NULL, NULL, NULL, NULL, 3, NULL, -1, 59, NULL, 1),
(1110, NULL, NULL, NULL, NULL, 3, NULL, -1, 59, NULL, 2),
(1111, NULL, NULL, NULL, NULL, 3, NULL, -1, 59, NULL, 3),
(1112, NULL, NULL, NULL, NULL, 3, NULL, -1, 59, NULL, 4),
(1113, NULL, NULL, NULL, NULL, 4, NULL, -1, 60, NULL, 1),
(1114, NULL, NULL, NULL, NULL, 4, NULL, -1, 60, NULL, 2),
(1115, NULL, NULL, NULL, NULL, 4, NULL, -1, 60, NULL, 3),
(1116, NULL, NULL, NULL, NULL, 4, NULL, -1, 60, NULL, 4),
(1117, NULL, NULL, NULL, NULL, 3, NULL, -1, 61, NULL, 1),
(1118, NULL, NULL, NULL, NULL, 3, NULL, -1, 61, NULL, 2),
(1119, NULL, NULL, NULL, NULL, 3, NULL, -1, 61, NULL, 3),
(1120, NULL, NULL, NULL, NULL, 3, NULL, -1, 61, NULL, 4),
(1121, NULL, NULL, NULL, NULL, 3, NULL, -1, 62, NULL, 1),
(1122, NULL, NULL, NULL, NULL, 3, NULL, -1, 62, NULL, 2),
(1123, NULL, NULL, NULL, NULL, 3, NULL, -1, 62, NULL, 3),
(1124, NULL, NULL, NULL, NULL, 3, NULL, -1, 62, NULL, 4),
(1125, NULL, NULL, NULL, NULL, 1, NULL, -1, 63, NULL, 1),
(1126, NULL, NULL, NULL, NULL, 1, NULL, -1, 63, NULL, 2),
(1127, NULL, NULL, NULL, NULL, 1, NULL, -1, 63, NULL, 3),
(1128, NULL, NULL, NULL, NULL, 1, NULL, -1, 63, NULL, 4),
(1129, NULL, NULL, NULL, NULL, 2, NULL, -1, 64, NULL, 1),
(1130, NULL, NULL, NULL, NULL, 2, NULL, -1, 64, NULL, 2),
(1131, NULL, NULL, NULL, NULL, 2, NULL, -1, 64, NULL, 3),
(1132, NULL, NULL, NULL, NULL, 2, NULL, -1, 64, NULL, 4),
(1133, NULL, NULL, NULL, NULL, 1, NULL, -1, 65, NULL, 1),
(1134, NULL, NULL, NULL, NULL, 1, NULL, -1, 65, NULL, 2),
(1135, NULL, NULL, NULL, NULL, 1, NULL, -1, 65, NULL, 3),
(1136, NULL, NULL, NULL, NULL, 1, NULL, -1, 65, NULL, 4),
(1137, NULL, NULL, NULL, NULL, 2, NULL, -1, 67, NULL, 1),
(1138, NULL, NULL, NULL, NULL, 2, NULL, -1, 67, NULL, 2),
(1139, NULL, NULL, NULL, NULL, 2, NULL, -1, 67, NULL, 3),
(1140, NULL, NULL, NULL, NULL, 2, NULL, -1, 67, NULL, 4),
(1141, NULL, NULL, NULL, NULL, 2, NULL, -1, 68, NULL, 1),
(1142, NULL, NULL, NULL, NULL, 2, NULL, -1, 68, NULL, 2),
(1143, NULL, NULL, NULL, NULL, 2, NULL, -1, 68, NULL, 3),
(1144, NULL, NULL, NULL, NULL, 2, NULL, -1, 68, NULL, 4),
(1145, NULL, NULL, NULL, NULL, 3, NULL, -1, 70, NULL, 1),
(1146, NULL, NULL, NULL, NULL, 3, NULL, -1, 70, NULL, 2),
(1147, NULL, NULL, NULL, NULL, 3, NULL, -1, 70, NULL, 3),
(1148, NULL, NULL, NULL, NULL, 3, NULL, -1, 70, NULL, 4),
(1149, NULL, NULL, NULL, NULL, 2, NULL, -1, 71, NULL, 1),
(1150, NULL, NULL, NULL, NULL, 2, NULL, -1, 71, NULL, 2),
(1151, NULL, NULL, NULL, NULL, 2, NULL, -1, 71, NULL, 3),
(1152, NULL, NULL, NULL, NULL, 2, NULL, -1, 71, NULL, 4),
(1153, NULL, NULL, NULL, NULL, 4, NULL, -1, 72, NULL, 1),
(1154, NULL, NULL, NULL, NULL, 4, NULL, -1, 72, NULL, 2),
(1155, NULL, NULL, NULL, NULL, 4, NULL, -1, 72, NULL, 3),
(1156, NULL, NULL, NULL, NULL, 4, NULL, -1, 72, NULL, 4),
(1157, NULL, NULL, NULL, NULL, 2, NULL, -1, 73, NULL, 1),
(1158, NULL, NULL, NULL, NULL, 2, NULL, -1, 73, NULL, 2),
(1159, NULL, NULL, NULL, NULL, 2, NULL, -1, 73, NULL, 3),
(1160, NULL, NULL, NULL, NULL, 2, NULL, -1, 73, NULL, 4),
(1161, NULL, NULL, NULL, NULL, 3, NULL, -1, 74, NULL, 1),
(1162, NULL, NULL, NULL, NULL, 3, NULL, -1, 74, NULL, 2),
(1163, NULL, NULL, NULL, NULL, 3, NULL, -1, 74, NULL, 3),
(1164, NULL, NULL, NULL, NULL, 3, NULL, -1, 74, NULL, 4),
(1165, NULL, NULL, NULL, NULL, 3, NULL, -1, 75, NULL, 1),
(1166, NULL, NULL, NULL, NULL, 3, NULL, -1, 75, NULL, 2),
(1167, NULL, NULL, NULL, NULL, 3, NULL, -1, 75, NULL, 3),
(1168, NULL, NULL, NULL, NULL, 3, NULL, -1, 75, NULL, 4),
(1169, NULL, NULL, NULL, NULL, 2, NULL, -1, 76, NULL, 1),
(1170, NULL, NULL, NULL, NULL, 2, NULL, -1, 76, NULL, 2),
(1171, NULL, NULL, NULL, NULL, 2, NULL, -1, 76, NULL, 3),
(1172, NULL, NULL, NULL, NULL, 2, NULL, -1, 76, NULL, 4),
(1173, NULL, NULL, NULL, NULL, 1, NULL, -1, 77, NULL, 1),
(1174, NULL, NULL, NULL, NULL, 1, NULL, -1, 77, NULL, 2),
(1175, NULL, NULL, NULL, NULL, 1, NULL, -1, 77, NULL, 3),
(1176, NULL, NULL, NULL, NULL, 1, NULL, -1, 77, NULL, 4),
(1177, NULL, NULL, NULL, NULL, 1, NULL, -1, 78, NULL, 1),
(1178, NULL, NULL, NULL, NULL, 1, NULL, -1, 78, NULL, 2),
(1179, NULL, NULL, NULL, NULL, 1, NULL, -1, 78, NULL, 3),
(1180, NULL, NULL, NULL, NULL, 1, NULL, -1, 78, NULL, 4),
(1181, NULL, NULL, NULL, NULL, 1, NULL, -1, 79, NULL, 1),
(1182, NULL, NULL, NULL, NULL, 1, NULL, -1, 79, NULL, 2),
(1183, NULL, NULL, NULL, NULL, 1, NULL, -1, 79, NULL, 3),
(1184, NULL, NULL, NULL, NULL, 1, NULL, -1, 79, NULL, 4),
(1185, NULL, NULL, NULL, NULL, 0, NULL, 0, 1, NULL, 1),
(1186, NULL, NULL, NULL, NULL, 0, NULL, 0, 1, NULL, 2),
(1187, NULL, NULL, NULL, NULL, 0, NULL, 0, 1, NULL, 3),
(1188, NULL, NULL, NULL, NULL, 0, NULL, 0, 1, NULL, 4),
(1189, NULL, NULL, NULL, NULL, 0, NULL, 0, 2, NULL, 1),
(1190, NULL, NULL, NULL, NULL, 0, NULL, 0, 2, NULL, 2),
(1191, NULL, NULL, NULL, NULL, 0, NULL, 0, 2, NULL, 3),
(1192, NULL, NULL, NULL, NULL, 0, NULL, 0, 2, NULL, 4),
(1193, NULL, NULL, NULL, NULL, 0, NULL, 0, 3, NULL, 1),
(1194, NULL, NULL, NULL, NULL, 0, NULL, 0, 3, NULL, 2),
(1195, NULL, NULL, NULL, NULL, 0, NULL, 0, 3, NULL, 3),
(1196, NULL, NULL, NULL, NULL, 0, NULL, 0, 3, NULL, 4),
(1197, NULL, NULL, NULL, NULL, 0, NULL, 0, 4, NULL, 1),
(1198, NULL, NULL, NULL, NULL, 0, NULL, 0, 4, NULL, 2),
(1199, NULL, NULL, NULL, NULL, 0, NULL, 0, 4, NULL, 3),
(1200, NULL, NULL, NULL, NULL, 0, NULL, 0, 4, NULL, 4),
(1201, NULL, NULL, NULL, NULL, 0, NULL, 0, 5, NULL, 1),
(1202, NULL, NULL, NULL, NULL, 0, NULL, 0, 5, NULL, 2),
(1203, NULL, NULL, NULL, NULL, 0, NULL, 0, 5, NULL, 3),
(1204, NULL, NULL, NULL, NULL, 0, NULL, 0, 5, NULL, 4),
(1205, NULL, NULL, NULL, NULL, 0, NULL, 0, 7, NULL, 1),
(1206, NULL, NULL, NULL, NULL, 0, NULL, 0, 7, NULL, 2),
(1207, NULL, NULL, NULL, NULL, 0, NULL, 0, 7, NULL, 3),
(1208, NULL, NULL, NULL, NULL, 0, NULL, 0, 7, NULL, 4),
(1209, NULL, NULL, NULL, NULL, 0, NULL, 0, 8, NULL, 1),
(1210, NULL, NULL, NULL, NULL, 0, NULL, 0, 8, NULL, 2),
(1211, NULL, NULL, NULL, NULL, 0, NULL, 0, 8, NULL, 3),
(1212, NULL, NULL, NULL, NULL, 0, NULL, 0, 8, NULL, 4),
(1213, NULL, NULL, NULL, NULL, 0, NULL, 0, 9, NULL, 1),
(1214, NULL, NULL, NULL, NULL, 0, NULL, 0, 9, NULL, 2),
(1215, NULL, NULL, NULL, NULL, 0, NULL, 0, 9, NULL, 3),
(1216, NULL, NULL, NULL, NULL, 0, NULL, 0, 9, NULL, 4),
(1217, NULL, NULL, NULL, NULL, 0, NULL, 0, 11, NULL, 1),
(1218, NULL, NULL, NULL, NULL, 0, NULL, 0, 11, NULL, 2),
(1219, NULL, NULL, NULL, NULL, 0, NULL, 0, 11, NULL, 3),
(1220, NULL, NULL, NULL, NULL, 0, NULL, 0, 11, NULL, 4),
(1221, NULL, NULL, NULL, NULL, 0, NULL, 0, 12, NULL, 1),
(1222, NULL, NULL, NULL, NULL, 0, NULL, 0, 12, NULL, 2),
(1223, NULL, NULL, NULL, NULL, 0, NULL, 0, 12, NULL, 3),
(1224, NULL, NULL, NULL, NULL, 0, NULL, 0, 12, NULL, 4),
(1225, NULL, NULL, NULL, NULL, 0, NULL, 0, 13, NULL, 1),
(1226, NULL, NULL, NULL, NULL, 0, NULL, 0, 13, NULL, 2),
(1227, NULL, NULL, NULL, NULL, 0, NULL, 0, 13, NULL, 3),
(1228, NULL, NULL, NULL, NULL, 0, NULL, 0, 13, NULL, 4),
(1229, NULL, NULL, NULL, NULL, 0, NULL, 0, 14, NULL, 1),
(1230, NULL, NULL, NULL, NULL, 0, NULL, 0, 14, NULL, 2),
(1231, NULL, NULL, NULL, NULL, 0, NULL, 0, 14, NULL, 3),
(1232, NULL, NULL, NULL, NULL, 0, NULL, 0, 14, NULL, 4),
(1233, NULL, NULL, NULL, NULL, 0, NULL, 0, 15, NULL, 1),
(1234, NULL, NULL, NULL, NULL, 0, NULL, 0, 15, NULL, 2),
(1235, NULL, NULL, NULL, NULL, 0, NULL, 0, 15, NULL, 3),
(1236, NULL, NULL, NULL, NULL, 0, NULL, 0, 15, NULL, 4),
(1237, NULL, NULL, NULL, NULL, 0, NULL, 0, 16, NULL, 1),
(1238, NULL, NULL, NULL, NULL, 0, NULL, 0, 16, NULL, 2),
(1239, NULL, NULL, NULL, NULL, 0, NULL, 0, 16, NULL, 3),
(1240, NULL, NULL, NULL, NULL, 0, NULL, 0, 16, NULL, 4),
(1241, NULL, NULL, NULL, NULL, 0, NULL, 0, 18, NULL, 1),
(1242, NULL, NULL, NULL, NULL, 0, NULL, 0, 18, NULL, 2),
(1243, NULL, NULL, NULL, NULL, 0, NULL, 0, 18, NULL, 3),
(1244, NULL, NULL, NULL, NULL, 0, NULL, 0, 18, NULL, 4),
(1245, NULL, NULL, NULL, NULL, 0, NULL, 0, 19, NULL, 1),
(1246, NULL, NULL, NULL, NULL, 0, NULL, 0, 19, NULL, 2),
(1247, NULL, NULL, NULL, NULL, 0, NULL, 0, 19, NULL, 3),
(1248, NULL, NULL, NULL, NULL, 0, NULL, 0, 19, NULL, 4),
(1249, NULL, NULL, NULL, NULL, 0, NULL, 0, 21, NULL, 1),
(1250, NULL, NULL, NULL, NULL, 0, NULL, 0, 21, NULL, 2),
(1251, NULL, NULL, NULL, NULL, 0, NULL, 0, 21, NULL, 3),
(1252, NULL, NULL, NULL, NULL, 0, NULL, 0, 21, NULL, 4),
(1253, NULL, NULL, NULL, NULL, 0, NULL, 0, 22, NULL, 1),
(1254, NULL, NULL, NULL, NULL, 0, NULL, 0, 22, NULL, 2),
(1255, NULL, NULL, NULL, NULL, 0, NULL, 0, 22, NULL, 3),
(1256, NULL, NULL, NULL, NULL, 0, NULL, 0, 22, NULL, 4),
(1257, NULL, NULL, NULL, NULL, 0, NULL, 0, 23, NULL, 1),
(1258, NULL, NULL, NULL, NULL, 0, NULL, 0, 23, NULL, 2),
(1259, NULL, NULL, NULL, NULL, 0, NULL, 0, 23, NULL, 3),
(1260, NULL, NULL, NULL, NULL, 0, NULL, 0, 23, NULL, 4),
(1261, NULL, NULL, NULL, NULL, 0, NULL, 0, 24, NULL, 1),
(1262, NULL, NULL, NULL, NULL, 0, NULL, 0, 24, NULL, 2),
(1263, NULL, NULL, NULL, NULL, 0, NULL, 0, 24, NULL, 3),
(1264, NULL, NULL, NULL, NULL, 0, NULL, 0, 24, NULL, 4),
(1265, NULL, NULL, NULL, NULL, 0, NULL, 0, 25, NULL, 1),
(1266, NULL, NULL, NULL, NULL, 0, NULL, 0, 25, NULL, 2),
(1267, NULL, NULL, NULL, NULL, 0, NULL, 0, 25, NULL, 3),
(1268, NULL, NULL, NULL, NULL, 0, NULL, 0, 25, NULL, 4),
(1269, NULL, NULL, NULL, NULL, 0, NULL, 0, 26, NULL, 1),
(1270, NULL, NULL, NULL, NULL, 0, NULL, 0, 26, NULL, 2),
(1271, NULL, NULL, NULL, NULL, 0, NULL, 0, 26, NULL, 3),
(1272, NULL, NULL, NULL, NULL, 0, NULL, 0, 26, NULL, 4),
(1273, NULL, NULL, NULL, NULL, 0, NULL, 0, 29, NULL, 1),
(1274, NULL, NULL, NULL, NULL, 0, NULL, 0, 29, NULL, 2),
(1275, NULL, NULL, NULL, NULL, 0, NULL, 0, 29, NULL, 3),
(1276, NULL, NULL, NULL, NULL, 0, NULL, 0, 29, NULL, 4),
(1277, NULL, NULL, NULL, NULL, 0, NULL, 0, 30, NULL, 1),
(1278, NULL, NULL, NULL, NULL, 0, NULL, 0, 30, NULL, 2),
(1279, NULL, NULL, NULL, NULL, 0, NULL, 0, 30, NULL, 3),
(1280, NULL, NULL, NULL, NULL, 0, NULL, 0, 30, NULL, 4),
(1281, NULL, NULL, NULL, NULL, 0, NULL, 0, 31, NULL, 1),
(1282, NULL, NULL, NULL, NULL, 0, NULL, 0, 31, NULL, 2),
(1283, NULL, NULL, NULL, NULL, 0, NULL, 0, 31, NULL, 3),
(1284, NULL, NULL, NULL, NULL, 0, NULL, 0, 31, NULL, 4),
(1285, NULL, NULL, NULL, NULL, 0, NULL, 0, 32, NULL, 1),
(1286, NULL, NULL, NULL, NULL, 0, NULL, 0, 32, NULL, 2),
(1287, NULL, NULL, NULL, NULL, 0, NULL, 0, 32, NULL, 3),
(1288, NULL, NULL, NULL, NULL, 0, NULL, 0, 32, NULL, 4),
(1289, NULL, NULL, NULL, NULL, 0, NULL, 0, 33, NULL, 1),
(1290, NULL, NULL, NULL, NULL, 0, NULL, 0, 33, NULL, 2),
(1291, NULL, NULL, NULL, NULL, 0, NULL, 0, 33, NULL, 3),
(1292, NULL, NULL, NULL, NULL, 0, NULL, 0, 33, NULL, 4),
(1293, NULL, NULL, NULL, NULL, 0, NULL, 0, 34, NULL, 1),
(1294, NULL, NULL, NULL, NULL, 0, NULL, 0, 34, NULL, 2),
(1295, NULL, NULL, NULL, NULL, 0, NULL, 0, 34, NULL, 3),
(1296, NULL, NULL, NULL, NULL, 0, NULL, 0, 34, NULL, 4),
(1297, NULL, NULL, NULL, NULL, 0, NULL, 0, 35, NULL, 1),
(1298, NULL, NULL, NULL, NULL, 0, NULL, 0, 35, NULL, 2),
(1299, NULL, NULL, NULL, NULL, 0, NULL, 0, 35, NULL, 3),
(1300, NULL, NULL, NULL, NULL, 0, NULL, 0, 35, NULL, 4),
(1301, NULL, NULL, NULL, NULL, 0, NULL, 0, 36, NULL, 1),
(1302, NULL, NULL, NULL, NULL, 0, NULL, 0, 36, NULL, 2),
(1303, NULL, NULL, NULL, NULL, 0, NULL, 0, 36, NULL, 3),
(1304, NULL, NULL, NULL, NULL, 0, NULL, 0, 36, NULL, 4),
(1305, NULL, NULL, NULL, NULL, 0, NULL, 0, 37, NULL, 1),
(1306, NULL, NULL, NULL, NULL, 0, NULL, 0, 37, NULL, 2),
(1307, NULL, NULL, NULL, NULL, 0, NULL, 0, 37, NULL, 3),
(1308, NULL, NULL, NULL, NULL, 0, NULL, 0, 37, NULL, 4),
(1309, NULL, NULL, NULL, NULL, 0, NULL, 0, 38, NULL, 1),
(1310, NULL, NULL, NULL, NULL, 0, NULL, 0, 38, NULL, 2),
(1311, NULL, NULL, NULL, NULL, 0, NULL, 0, 38, NULL, 3),
(1312, NULL, NULL, NULL, NULL, 0, NULL, 0, 38, NULL, 4),
(1313, NULL, NULL, NULL, NULL, 0, NULL, 0, 39, NULL, 1),
(1314, NULL, NULL, NULL, NULL, 0, NULL, 0, 39, NULL, 2),
(1315, NULL, NULL, NULL, NULL, 0, NULL, 0, 39, NULL, 3),
(1316, NULL, NULL, NULL, NULL, 0, NULL, 0, 39, NULL, 4),
(1317, NULL, NULL, NULL, NULL, 0, NULL, 0, 41, NULL, 1),
(1318, NULL, NULL, NULL, NULL, 0, NULL, 0, 41, NULL, 2),
(1319, NULL, NULL, NULL, NULL, 0, NULL, 0, 41, NULL, 3),
(1320, NULL, NULL, NULL, NULL, 0, NULL, 0, 41, NULL, 4),
(1321, NULL, NULL, NULL, NULL, 0, NULL, 0, 43, NULL, 1),
(1322, NULL, NULL, NULL, NULL, 0, NULL, 0, 43, NULL, 2),
(1323, NULL, NULL, NULL, NULL, 0, NULL, 0, 43, NULL, 3),
(1324, NULL, NULL, NULL, NULL, 0, NULL, 0, 43, NULL, 4),
(1325, NULL, NULL, NULL, NULL, 0, NULL, 0, 45, NULL, 1),
(1326, NULL, NULL, NULL, NULL, 0, NULL, 0, 45, NULL, 2),
(1327, NULL, NULL, NULL, NULL, 0, NULL, 0, 45, NULL, 3),
(1328, NULL, NULL, NULL, NULL, 0, NULL, 0, 45, NULL, 4),
(1329, NULL, NULL, NULL, NULL, 0, NULL, 0, 46, NULL, 1),
(1330, NULL, NULL, NULL, NULL, 0, NULL, 0, 46, NULL, 2),
(1331, NULL, NULL, NULL, NULL, 0, NULL, 0, 46, NULL, 3),
(1332, NULL, NULL, NULL, NULL, 0, NULL, 0, 46, NULL, 4),
(1333, NULL, NULL, NULL, NULL, 0, NULL, 0, 47, NULL, 1),
(1334, NULL, NULL, NULL, NULL, 0, NULL, 0, 47, NULL, 2),
(1335, NULL, NULL, NULL, NULL, 0, NULL, 0, 47, NULL, 3),
(1336, NULL, NULL, NULL, NULL, 0, NULL, 0, 47, NULL, 4),
(1337, NULL, NULL, NULL, NULL, 0, NULL, 0, 48, NULL, 1),
(1338, NULL, NULL, NULL, NULL, 0, NULL, 0, 48, NULL, 2),
(1339, NULL, NULL, NULL, NULL, 0, NULL, 0, 48, NULL, 3),
(1340, NULL, NULL, NULL, NULL, 0, NULL, 0, 48, NULL, 4),
(1341, NULL, NULL, NULL, NULL, 0, NULL, 0, 49, NULL, 1),
(1342, NULL, NULL, NULL, NULL, 0, NULL, 0, 49, NULL, 2),
(1343, NULL, NULL, NULL, NULL, 0, NULL, 0, 49, NULL, 3),
(1344, NULL, NULL, NULL, NULL, 0, NULL, 0, 49, NULL, 4),
(1345, NULL, NULL, NULL, NULL, 0, NULL, 0, 51, NULL, 1),
(1346, NULL, NULL, NULL, NULL, 0, NULL, 0, 51, NULL, 2),
(1347, NULL, NULL, NULL, NULL, 0, NULL, 0, 51, NULL, 3),
(1348, NULL, NULL, NULL, NULL, 0, NULL, 0, 51, NULL, 4),
(1349, NULL, NULL, NULL, NULL, 0, NULL, 0, 52, NULL, 1),
(1350, NULL, NULL, NULL, NULL, 0, NULL, 0, 52, NULL, 2),
(1351, NULL, NULL, NULL, NULL, 0, NULL, 0, 52, NULL, 3),
(1352, NULL, NULL, NULL, NULL, 0, NULL, 0, 52, NULL, 4),
(1353, NULL, NULL, NULL, NULL, 0, NULL, 0, 53, NULL, 1),
(1354, NULL, NULL, NULL, NULL, 0, NULL, 0, 53, NULL, 2),
(1355, NULL, NULL, NULL, NULL, 0, NULL, 0, 53, NULL, 3),
(1356, NULL, NULL, NULL, NULL, 0, NULL, 0, 53, NULL, 4),
(1357, NULL, NULL, NULL, NULL, 0, NULL, 0, 54, NULL, 1),
(1358, NULL, NULL, NULL, NULL, 0, NULL, 0, 54, NULL, 2),
(1359, NULL, NULL, NULL, NULL, 0, NULL, 0, 54, NULL, 3),
(1360, NULL, NULL, NULL, NULL, 0, NULL, 0, 54, NULL, 4),
(1361, NULL, NULL, NULL, NULL, 0, NULL, 0, 56, NULL, 1),
(1362, NULL, NULL, NULL, NULL, 0, NULL, 0, 56, NULL, 2),
(1363, NULL, NULL, NULL, NULL, 0, NULL, 0, 56, NULL, 3),
(1364, NULL, NULL, NULL, NULL, 0, NULL, 0, 56, NULL, 4),
(1365, NULL, NULL, NULL, NULL, 0, NULL, 0, 57, NULL, 1),
(1366, NULL, NULL, NULL, NULL, 0, NULL, 0, 57, NULL, 2),
(1367, NULL, NULL, NULL, NULL, 0, NULL, 0, 57, NULL, 3),
(1368, NULL, NULL, NULL, NULL, 0, NULL, 0, 57, NULL, 4),
(1369, NULL, NULL, NULL, NULL, 0, NULL, 0, 58, NULL, 1),
(1370, NULL, NULL, NULL, NULL, 0, NULL, 0, 58, NULL, 2),
(1371, NULL, NULL, NULL, NULL, 0, NULL, 0, 58, NULL, 3),
(1372, NULL, NULL, NULL, NULL, 0, NULL, 0, 58, NULL, 4),
(1373, NULL, NULL, NULL, NULL, 0, NULL, 0, 59, NULL, 1),
(1374, NULL, NULL, NULL, NULL, 0, NULL, 0, 59, NULL, 2),
(1375, NULL, NULL, NULL, NULL, 0, NULL, 0, 59, NULL, 3),
(1376, NULL, NULL, NULL, NULL, 0, NULL, 0, 59, NULL, 4),
(1377, NULL, NULL, NULL, NULL, 0, NULL, 0, 60, NULL, 1),
(1378, NULL, NULL, NULL, NULL, 0, NULL, 0, 60, NULL, 2),
(1379, NULL, NULL, NULL, NULL, 0, NULL, 0, 60, NULL, 3),
(1380, NULL, NULL, NULL, NULL, 0, NULL, 0, 60, NULL, 4),
(1381, NULL, NULL, NULL, NULL, 0, NULL, 0, 61, NULL, 1),
(1382, NULL, NULL, NULL, NULL, 0, NULL, 0, 61, NULL, 2),
(1383, NULL, NULL, NULL, NULL, 0, NULL, 0, 61, NULL, 3),
(1384, NULL, NULL, NULL, NULL, 0, NULL, 0, 61, NULL, 4),
(1385, NULL, NULL, NULL, NULL, 0, NULL, 0, 62, NULL, 1),
(1386, NULL, NULL, NULL, NULL, 0, NULL, 0, 62, NULL, 2),
(1387, NULL, NULL, NULL, NULL, 0, NULL, 0, 62, NULL, 3),
(1388, NULL, NULL, NULL, NULL, 0, NULL, 0, 62, NULL, 4),
(1389, NULL, NULL, NULL, NULL, 0, NULL, 0, 63, NULL, 1),
(1390, NULL, NULL, NULL, NULL, 0, NULL, 0, 63, NULL, 2),
(1391, NULL, NULL, NULL, NULL, 0, NULL, 0, 63, NULL, 3),
(1392, NULL, NULL, NULL, NULL, 0, NULL, 0, 63, NULL, 4),
(1393, NULL, NULL, NULL, NULL, 0, NULL, 0, 64, NULL, 1),
(1394, NULL, NULL, NULL, NULL, 0, NULL, 0, 64, NULL, 2),
(1395, NULL, NULL, NULL, NULL, 0, NULL, 0, 64, NULL, 3),
(1396, NULL, NULL, NULL, NULL, 0, NULL, 0, 64, NULL, 4),
(1397, NULL, NULL, NULL, NULL, 0, NULL, 0, 65, NULL, 1),
(1398, NULL, NULL, NULL, NULL, 0, NULL, 0, 65, NULL, 2),
(1399, NULL, NULL, NULL, NULL, 0, NULL, 0, 65, NULL, 3),
(1400, NULL, NULL, NULL, NULL, 0, NULL, 0, 65, NULL, 4),
(1401, NULL, NULL, NULL, NULL, 0, NULL, 0, 67, NULL, 1),
(1402, NULL, NULL, NULL, NULL, 0, NULL, 0, 67, NULL, 2),
(1403, NULL, NULL, NULL, NULL, 0, NULL, 0, 67, NULL, 3),
(1404, NULL, NULL, NULL, NULL, 0, NULL, 0, 67, NULL, 4),
(1405, NULL, NULL, NULL, NULL, 0, NULL, 0, 68, NULL, 1),
(1406, NULL, NULL, NULL, NULL, 0, NULL, 0, 68, NULL, 2),
(1407, NULL, NULL, NULL, NULL, 0, NULL, 0, 68, NULL, 3),
(1408, NULL, NULL, NULL, NULL, 0, NULL, 0, 68, NULL, 4),
(1409, NULL, NULL, NULL, NULL, 0, NULL, 0, 70, NULL, 1),
(1410, NULL, NULL, NULL, NULL, 0, NULL, 0, 70, NULL, 2),
(1411, NULL, NULL, NULL, NULL, 0, NULL, 0, 70, NULL, 3),
(1412, NULL, NULL, NULL, NULL, 0, NULL, 0, 70, NULL, 4),
(1413, NULL, NULL, NULL, NULL, 0, NULL, 0, 71, NULL, 1),
(1414, NULL, NULL, NULL, NULL, 0, NULL, 0, 71, NULL, 2),
(1415, NULL, NULL, NULL, NULL, 0, NULL, 0, 71, NULL, 3),
(1416, NULL, NULL, NULL, NULL, 0, NULL, 0, 71, NULL, 4),
(1417, NULL, NULL, NULL, NULL, 0, NULL, 0, 72, NULL, 1),
(1418, NULL, NULL, NULL, NULL, 0, NULL, 0, 72, NULL, 2),
(1419, NULL, NULL, NULL, NULL, 0, NULL, 0, 72, NULL, 3),
(1420, NULL, NULL, NULL, NULL, 0, NULL, 0, 72, NULL, 4),
(1421, NULL, NULL, NULL, NULL, 0, NULL, 0, 73, NULL, 1),
(1422, NULL, NULL, NULL, NULL, 0, NULL, 0, 73, NULL, 2),
(1423, NULL, NULL, NULL, NULL, 0, NULL, 0, 73, NULL, 3),
(1424, NULL, NULL, NULL, NULL, 0, NULL, 0, 73, NULL, 4),
(1425, NULL, NULL, NULL, NULL, 0, NULL, 0, 74, NULL, 1),
(1426, NULL, NULL, NULL, NULL, 0, NULL, 0, 74, NULL, 2),
(1427, NULL, NULL, NULL, NULL, 0, NULL, 0, 74, NULL, 3),
(1428, NULL, NULL, NULL, NULL, 0, NULL, 0, 74, NULL, 4),
(1429, NULL, NULL, NULL, NULL, 0, NULL, 0, 75, NULL, 1),
(1430, NULL, NULL, NULL, NULL, 0, NULL, 0, 75, NULL, 2),
(1431, NULL, NULL, NULL, NULL, 0, NULL, 0, 75, NULL, 3),
(1432, NULL, NULL, NULL, NULL, 0, NULL, 0, 75, NULL, 4),
(1433, NULL, NULL, NULL, NULL, 0, NULL, 0, 76, NULL, 1),
(1434, NULL, NULL, NULL, NULL, 0, NULL, 0, 76, NULL, 2),
(1435, NULL, NULL, NULL, NULL, 0, NULL, 0, 76, NULL, 3),
(1436, NULL, NULL, NULL, NULL, 0, NULL, 0, 76, NULL, 4),
(1437, NULL, NULL, NULL, NULL, 0, NULL, 0, 77, NULL, 1),
(1438, NULL, NULL, NULL, NULL, 0, NULL, 0, 77, NULL, 2),
(1439, NULL, NULL, NULL, NULL, 0, NULL, 0, 77, NULL, 3),
(1440, NULL, NULL, NULL, NULL, 0, NULL, 0, 77, NULL, 4),
(1441, NULL, NULL, NULL, NULL, 0, NULL, 0, 78, NULL, 1),
(1442, NULL, NULL, NULL, NULL, 0, NULL, 0, 78, NULL, 2),
(1443, NULL, NULL, NULL, NULL, 0, NULL, 0, 78, NULL, 3),
(1444, NULL, NULL, NULL, NULL, 0, NULL, 0, 78, NULL, 4),
(1445, NULL, NULL, NULL, NULL, 0, NULL, 0, 79, NULL, 1),
(1446, NULL, NULL, NULL, NULL, 0, NULL, 0, 79, NULL, 2),
(1447, NULL, NULL, NULL, NULL, 0, NULL, 0, 79, NULL, 3),
(1448, NULL, NULL, NULL, NULL, 0, NULL, 0, 79, NULL, 4),
(1449, NULL, NULL, NULL, NULL, 0, NULL, 0, 81, NULL, 1),
(1450, NULL, NULL, NULL, NULL, 0, NULL, 0, 81, NULL, 2),
(1451, NULL, NULL, NULL, NULL, 0, NULL, 0, 81, NULL, 3),
(1452, NULL, NULL, NULL, NULL, 0, NULL, 0, 81, NULL, 4),
(1453, NULL, NULL, NULL, NULL, 0, NULL, 0, 82, NULL, 1),
(1454, NULL, NULL, NULL, NULL, 0, NULL, 0, 82, NULL, 2),
(1455, NULL, NULL, NULL, NULL, 0, NULL, 0, 82, NULL, 3),
(1456, NULL, NULL, NULL, NULL, 0, NULL, 0, 82, NULL, 4),
(1457, NULL, NULL, NULL, NULL, 0, NULL, 0, 83, NULL, 1),
(1458, NULL, NULL, NULL, NULL, 0, NULL, 0, 83, NULL, 2),
(1459, NULL, NULL, NULL, NULL, 0, NULL, 0, 83, NULL, 3),
(1460, NULL, NULL, NULL, NULL, 0, NULL, 0, 83, NULL, 4),
(1461, NULL, NULL, NULL, NULL, 0, NULL, 0, 84, NULL, 1),
(1462, NULL, NULL, NULL, NULL, 0, NULL, 0, 84, NULL, 2),
(1463, NULL, NULL, NULL, NULL, 0, NULL, 0, 84, NULL, 3),
(1464, NULL, NULL, NULL, NULL, 0, NULL, 0, 84, NULL, 4),
(1465, NULL, NULL, NULL, NULL, 0, NULL, 0, 85, NULL, 1),
(1466, NULL, NULL, NULL, NULL, 0, NULL, 0, 85, NULL, 2),
(1467, NULL, NULL, NULL, NULL, 0, NULL, 0, 85, NULL, 3),
(1468, NULL, NULL, NULL, NULL, 0, NULL, 0, 85, NULL, 4),
(1469, NULL, NULL, NULL, NULL, 0, NULL, 0, 86, NULL, 1),
(1470, NULL, NULL, NULL, NULL, 0, NULL, 0, 86, NULL, 2),
(1471, NULL, NULL, NULL, NULL, 0, NULL, 0, 86, NULL, 3),
(1472, NULL, NULL, NULL, NULL, 0, NULL, 0, 86, NULL, 4),
(1473, NULL, NULL, NULL, NULL, 0, NULL, 0, 87, NULL, 1),
(1474, NULL, NULL, NULL, NULL, 0, NULL, 0, 87, NULL, 2),
(1475, NULL, NULL, NULL, NULL, 0, NULL, 0, 87, NULL, 3),
(1476, NULL, NULL, NULL, NULL, 0, NULL, 0, 87, NULL, 4),
(1477, NULL, NULL, NULL, NULL, 0, NULL, 0, 88, NULL, 1),
(1478, NULL, NULL, NULL, NULL, 0, NULL, 0, 88, NULL, 2),
(1479, NULL, NULL, NULL, NULL, 0, NULL, 0, 88, NULL, 3),
(1480, NULL, NULL, NULL, NULL, 0, NULL, 0, 88, NULL, 4),
(1481, NULL, NULL, NULL, NULL, 0, NULL, 0, 89, NULL, 1),
(1482, NULL, NULL, NULL, NULL, 0, NULL, 0, 89, NULL, 2),
(1483, NULL, NULL, NULL, NULL, 0, NULL, 0, 89, NULL, 3),
(1484, NULL, NULL, NULL, NULL, 0, NULL, 0, 89, NULL, 4),
(1485, NULL, NULL, NULL, NULL, 0, NULL, 0, 90, NULL, 1),
(1486, NULL, NULL, NULL, NULL, 0, NULL, 0, 90, NULL, 2),
(1487, NULL, NULL, NULL, NULL, 0, NULL, 0, 90, NULL, 3),
(1488, NULL, NULL, NULL, NULL, 0, NULL, 0, 90, NULL, 4),
(1489, NULL, NULL, NULL, NULL, 0, NULL, 0, 91, NULL, 1),
(1490, NULL, NULL, NULL, NULL, 0, NULL, 0, 91, NULL, 2),
(1491, NULL, NULL, NULL, NULL, 0, NULL, 0, 91, NULL, 3),
(1492, NULL, NULL, NULL, NULL, 0, NULL, 0, 91, NULL, 4),
(1493, NULL, NULL, NULL, NULL, 0, NULL, 0, 92, NULL, 1),
(1494, NULL, NULL, NULL, NULL, 0, NULL, 0, 92, NULL, 2),
(1495, NULL, NULL, NULL, NULL, 0, NULL, 0, 92, NULL, 3),
(1496, NULL, NULL, NULL, NULL, 0, NULL, 0, 92, NULL, 4),
(1497, NULL, NULL, NULL, NULL, 0, NULL, 0, 93, NULL, 1),
(1498, NULL, NULL, NULL, NULL, 0, NULL, 0, 93, NULL, 2),
(1499, NULL, NULL, NULL, NULL, 0, NULL, 0, 93, NULL, 3),
(1500, NULL, NULL, NULL, NULL, 0, NULL, 0, 93, NULL, 4),
(1501, NULL, NULL, NULL, NULL, 0, NULL, 0, 94, NULL, 1),
(1502, NULL, NULL, NULL, NULL, 0, NULL, 0, 94, NULL, 2),
(1503, NULL, NULL, NULL, NULL, 0, NULL, 0, 94, NULL, 3),
(1504, NULL, NULL, NULL, NULL, 0, NULL, 0, 94, NULL, 4),
(1505, NULL, NULL, NULL, NULL, 0, NULL, 0, 95, NULL, 1),
(1506, NULL, NULL, NULL, NULL, 0, NULL, 0, 95, NULL, 2),
(1507, NULL, NULL, NULL, NULL, 0, NULL, 0, 95, NULL, 3),
(1508, NULL, NULL, NULL, NULL, 0, NULL, 0, 95, NULL, 4),
(1509, NULL, NULL, NULL, NULL, 0, NULL, 0, 96, NULL, 1),
(1510, NULL, NULL, NULL, NULL, 0, NULL, 0, 96, NULL, 2),
(1511, NULL, NULL, NULL, NULL, 0, NULL, 0, 96, NULL, 3),
(1512, NULL, NULL, NULL, NULL, 0, NULL, 0, 96, NULL, 4),
(1513, NULL, NULL, NULL, NULL, 0, NULL, 0, 97, NULL, 1),
(1514, NULL, NULL, NULL, NULL, 0, NULL, 0, 97, NULL, 2),
(1515, NULL, NULL, NULL, NULL, 0, NULL, 0, 97, NULL, 3),
(1516, NULL, NULL, NULL, NULL, 0, NULL, 0, 97, NULL, 4),
(1517, NULL, NULL, NULL, NULL, 0, NULL, 0, 98, NULL, 1),
(1518, NULL, NULL, NULL, NULL, 0, NULL, 0, 98, NULL, 2),
(1519, NULL, NULL, NULL, NULL, 0, NULL, 0, 98, NULL, 3),
(1520, NULL, NULL, NULL, NULL, 0, NULL, 0, 98, NULL, 4),
(1521, NULL, NULL, NULL, NULL, 0, NULL, 0, 99, NULL, 1),
(1522, NULL, NULL, NULL, NULL, 0, NULL, 0, 99, NULL, 2),
(1523, NULL, NULL, NULL, NULL, 0, NULL, 0, 99, NULL, 3),
(1524, NULL, NULL, NULL, NULL, 0, NULL, 0, 99, NULL, 4),
(1525, NULL, NULL, NULL, NULL, 0, NULL, 0, 100, NULL, 1),
(1526, NULL, NULL, NULL, NULL, 0, NULL, 0, 100, NULL, 2),
(1527, NULL, NULL, NULL, NULL, 0, NULL, 0, 100, NULL, 3),
(1528, NULL, NULL, NULL, NULL, 0, NULL, 0, 100, NULL, 4),
(1529, NULL, NULL, NULL, NULL, 0, NULL, 0, 101, NULL, 1),
(1530, NULL, NULL, NULL, NULL, 0, NULL, 0, 101, NULL, 2),
(1531, NULL, NULL, NULL, NULL, 0, NULL, 0, 101, NULL, 3),
(1532, NULL, NULL, NULL, NULL, 0, NULL, 0, 101, NULL, 4),
(1533, NULL, NULL, NULL, NULL, 0, NULL, 0, 102, NULL, 1),
(1534, NULL, NULL, NULL, NULL, 0, NULL, 0, 102, NULL, 2),
(1535, NULL, NULL, NULL, NULL, 0, NULL, 0, 102, NULL, 3),
(1536, NULL, NULL, NULL, NULL, 0, NULL, 0, 102, NULL, 4),
(1537, NULL, NULL, NULL, NULL, 0, NULL, 0, 103, NULL, 1),
(1538, NULL, NULL, NULL, NULL, 0, NULL, 0, 103, NULL, 2),
(1539, NULL, NULL, NULL, NULL, 0, NULL, 0, 103, NULL, 3),
(1540, NULL, NULL, NULL, NULL, 0, NULL, 0, 103, NULL, 4),
(1541, NULL, NULL, NULL, NULL, 0, NULL, 0, 104, NULL, 1),
(1542, NULL, NULL, NULL, NULL, 0, NULL, 0, 104, NULL, 2),
(1543, NULL, NULL, NULL, NULL, 0, NULL, 0, 104, NULL, 3),
(1544, NULL, NULL, NULL, NULL, 0, NULL, 0, 104, NULL, 4),
(1545, NULL, NULL, NULL, NULL, 0, NULL, 0, 105, NULL, 1),
(1546, NULL, NULL, NULL, NULL, 0, NULL, 0, 105, NULL, 2),
(1547, NULL, NULL, NULL, NULL, 0, NULL, 0, 105, NULL, 3),
(1548, NULL, NULL, NULL, NULL, 0, NULL, 0, 105, NULL, 4),
(1549, NULL, NULL, NULL, NULL, 0, NULL, 0, 106, NULL, 1),
(1550, NULL, NULL, NULL, NULL, 0, NULL, 0, 106, NULL, 2),
(1551, NULL, NULL, NULL, NULL, 0, NULL, 0, 106, NULL, 3),
(1552, NULL, NULL, NULL, NULL, 0, NULL, 0, 106, NULL, 4),
(1553, NULL, NULL, NULL, NULL, 0, NULL, 0, 107, NULL, 1),
(1554, NULL, NULL, NULL, NULL, 0, NULL, 0, 107, NULL, 2),
(1555, NULL, NULL, NULL, NULL, 0, NULL, 0, 107, NULL, 3),
(1556, NULL, NULL, NULL, NULL, 0, NULL, 0, 107, NULL, 4),
(1557, NULL, NULL, NULL, NULL, 0, NULL, 0, 108, NULL, 1),
(1558, NULL, NULL, NULL, NULL, 0, NULL, 0, 108, NULL, 2),
(1559, NULL, NULL, NULL, NULL, 0, NULL, 0, 108, NULL, 3),
(1560, NULL, NULL, NULL, NULL, 0, NULL, 0, 108, NULL, 4),
(1561, NULL, NULL, NULL, NULL, 0, NULL, 0, 109, NULL, 1),
(1562, NULL, NULL, NULL, NULL, 0, NULL, 0, 109, NULL, 2),
(1563, NULL, NULL, NULL, NULL, 0, NULL, 0, 109, NULL, 3),
(1564, NULL, NULL, NULL, NULL, 0, NULL, 0, 109, NULL, 4),
(1565, NULL, NULL, NULL, NULL, 0, NULL, 0, 110, NULL, 1),
(1566, NULL, NULL, NULL, NULL, 0, NULL, 0, 110, NULL, 2),
(1567, NULL, NULL, NULL, NULL, 0, NULL, 0, 110, NULL, 3),
(1568, NULL, NULL, NULL, NULL, 0, NULL, 0, 110, NULL, 4),
(1569, NULL, NULL, NULL, NULL, 0, NULL, 0, 111, NULL, 1),
(1570, NULL, NULL, NULL, NULL, 0, NULL, 0, 111, NULL, 2),
(1571, NULL, NULL, NULL, NULL, 0, NULL, 0, 111, NULL, 3),
(1572, NULL, NULL, NULL, NULL, 0, NULL, 0, 111, NULL, 4),
(1573, NULL, NULL, NULL, NULL, 0, NULL, 0, 112, NULL, 1),
(1574, NULL, NULL, NULL, NULL, 0, NULL, 0, 112, NULL, 2),
(1575, NULL, NULL, NULL, NULL, 0, NULL, 0, 112, NULL, 3),
(1576, NULL, NULL, NULL, NULL, 0, NULL, 0, 112, NULL, 4),
(1577, NULL, NULL, NULL, NULL, 0, NULL, 0, 113, NULL, 1),
(1578, NULL, NULL, NULL, NULL, 0, NULL, 0, 113, NULL, 2),
(1579, NULL, NULL, NULL, NULL, 0, NULL, 0, 113, NULL, 3),
(1580, NULL, NULL, NULL, NULL, 0, NULL, 0, 113, NULL, 4),
(1581, NULL, NULL, NULL, NULL, 0, NULL, 0, 114, NULL, 1),
(1582, NULL, NULL, NULL, NULL, 0, NULL, 0, 114, NULL, 2),
(1583, NULL, NULL, NULL, NULL, 0, NULL, 0, 114, NULL, 3),
(1584, NULL, NULL, NULL, NULL, 0, NULL, 0, 114, NULL, 4),
(1585, NULL, NULL, NULL, NULL, 0, NULL, 0, 115, NULL, 1),
(1586, NULL, NULL, NULL, NULL, 0, NULL, 0, 115, NULL, 2),
(1587, NULL, NULL, NULL, NULL, 0, NULL, 0, 115, NULL, 3),
(1588, NULL, NULL, NULL, NULL, 0, NULL, 0, 115, NULL, 4),
(1589, NULL, NULL, NULL, NULL, 0, NULL, 0, 116, NULL, 1),
(1590, NULL, NULL, NULL, NULL, 0, NULL, 0, 116, NULL, 2),
(1591, NULL, NULL, NULL, NULL, 0, NULL, 0, 116, NULL, 3),
(1592, NULL, NULL, NULL, NULL, 0, NULL, 0, 116, NULL, 4),
(1593, NULL, NULL, NULL, NULL, 0, NULL, 0, 117, NULL, 1),
(1594, NULL, NULL, NULL, NULL, 0, NULL, 0, 117, NULL, 2),
(1595, NULL, NULL, NULL, NULL, 0, NULL, 0, 117, NULL, 3),
(1596, NULL, NULL, NULL, NULL, 0, NULL, 0, 117, NULL, 4),
(1597, NULL, NULL, NULL, NULL, 0, NULL, 0, 118, NULL, 1),
(1598, NULL, NULL, NULL, NULL, 0, NULL, 0, 118, NULL, 2),
(1599, NULL, NULL, NULL, NULL, 0, NULL, 0, 118, NULL, 3),
(1600, NULL, NULL, NULL, NULL, 0, NULL, 0, 118, NULL, 4),
(1601, NULL, NULL, NULL, NULL, 0, NULL, 0, 119, NULL, 1),
(1602, NULL, NULL, NULL, NULL, 0, NULL, 0, 119, NULL, 2),
(1603, NULL, NULL, NULL, NULL, 0, NULL, 0, 119, NULL, 3),
(1604, NULL, NULL, NULL, NULL, 0, NULL, 0, 119, NULL, 4),
(1605, NULL, NULL, NULL, NULL, 0, NULL, 0, 120, NULL, 1),
(1606, NULL, NULL, NULL, NULL, 0, NULL, 0, 120, NULL, 2),
(1607, NULL, NULL, NULL, NULL, 0, NULL, 0, 120, NULL, 3),
(1608, NULL, NULL, NULL, NULL, 0, NULL, 0, 120, NULL, 4),
(1609, NULL, NULL, NULL, NULL, 0, NULL, 0, 121, NULL, 1),
(1610, NULL, NULL, NULL, NULL, 0, NULL, 0, 121, NULL, 2),
(1611, NULL, NULL, NULL, NULL, 0, NULL, 0, 121, NULL, 3),
(1612, NULL, NULL, NULL, NULL, 0, NULL, 0, 121, NULL, 4),
(1613, NULL, NULL, NULL, NULL, 0, NULL, 0, 122, NULL, 1),
(1614, NULL, NULL, NULL, NULL, 0, NULL, 0, 122, NULL, 2),
(1615, NULL, NULL, NULL, NULL, 0, NULL, 0, 122, NULL, 3),
(1616, NULL, NULL, NULL, NULL, 0, NULL, 0, 122, NULL, 4),
(1617, NULL, NULL, NULL, NULL, 0, NULL, 0, 123, NULL, 1),
(1618, NULL, NULL, NULL, NULL, 0, NULL, 0, 123, NULL, 2),
(1619, NULL, NULL, NULL, NULL, 0, NULL, 0, 123, NULL, 3),
(1620, NULL, NULL, NULL, NULL, 0, NULL, 0, 123, NULL, 4),
(1621, NULL, NULL, NULL, NULL, 0, NULL, 0, 124, NULL, 1),
(1622, NULL, NULL, NULL, NULL, 0, NULL, 0, 124, NULL, 2),
(1623, NULL, NULL, NULL, NULL, 0, NULL, 0, 124, NULL, 3),
(1624, NULL, NULL, NULL, NULL, 0, NULL, 0, 124, NULL, 4),
(1625, NULL, NULL, NULL, NULL, 0, NULL, 0, 125, NULL, 1),
(1626, NULL, NULL, NULL, NULL, 0, NULL, 0, 125, NULL, 2),
(1627, NULL, NULL, NULL, NULL, 0, NULL, 0, 125, NULL, 3),
(1628, NULL, NULL, NULL, NULL, 0, NULL, 0, 125, NULL, 4),
(1629, NULL, NULL, NULL, NULL, 0, NULL, 0, 126, NULL, 1),
(1630, NULL, NULL, NULL, NULL, 0, NULL, 0, 126, NULL, 2),
(1631, NULL, NULL, NULL, NULL, 0, NULL, 0, 126, NULL, 3),
(1632, NULL, NULL, NULL, NULL, 0, NULL, 0, 126, NULL, 4),
(1633, NULL, NULL, NULL, NULL, 0, NULL, 0, 127, NULL, 1),
(1634, NULL, NULL, NULL, NULL, 0, NULL, 0, 127, NULL, 2),
(1635, NULL, NULL, NULL, NULL, 0, NULL, 0, 127, NULL, 3),
(1636, NULL, NULL, NULL, NULL, 0, NULL, 0, 127, NULL, 4),
(1637, NULL, NULL, NULL, NULL, 0, NULL, 0, 128, NULL, 1),
(1638, NULL, NULL, NULL, NULL, 0, NULL, 0, 128, NULL, 2),
(1639, NULL, NULL, NULL, NULL, 0, NULL, 0, 128, NULL, 3),
(1640, NULL, NULL, NULL, NULL, 0, NULL, 0, 128, NULL, 4),
(1641, NULL, NULL, NULL, NULL, 0, NULL, 0, 129, NULL, 1),
(1642, NULL, NULL, NULL, NULL, 0, NULL, 0, 129, NULL, 2),
(1643, NULL, NULL, NULL, NULL, 0, NULL, 0, 129, NULL, 3),
(1644, NULL, NULL, NULL, NULL, 0, NULL, 0, 129, NULL, 4),
(1645, NULL, NULL, NULL, NULL, 0, NULL, 0, 130, NULL, 1),
(1646, NULL, NULL, NULL, NULL, 0, NULL, 0, 130, NULL, 2),
(1647, NULL, NULL, NULL, NULL, 0, NULL, 0, 130, NULL, 3),
(1648, NULL, NULL, NULL, NULL, 0, NULL, 0, 130, NULL, 4),
(1649, NULL, NULL, NULL, NULL, 0, NULL, 0, 131, NULL, 1),
(1650, NULL, NULL, NULL, NULL, 0, NULL, 0, 131, NULL, 2),
(1651, NULL, NULL, NULL, NULL, 0, NULL, 0, 131, NULL, 3),
(1652, NULL, NULL, NULL, NULL, 0, NULL, 0, 131, NULL, 4),
(1653, NULL, NULL, NULL, NULL, 0, NULL, 0, 132, NULL, 1),
(1654, NULL, NULL, NULL, NULL, 0, NULL, 0, 132, NULL, 2),
(1655, NULL, NULL, NULL, NULL, 0, NULL, 0, 132, NULL, 3),
(1656, NULL, NULL, NULL, NULL, 0, NULL, 0, 132, NULL, 4),
(1657, NULL, NULL, NULL, NULL, 0, NULL, 0, 133, NULL, 1),
(1658, NULL, NULL, NULL, NULL, 0, NULL, 0, 133, NULL, 2),
(1659, NULL, NULL, NULL, NULL, 0, NULL, 0, 133, NULL, 3),
(1660, NULL, NULL, NULL, NULL, 0, NULL, 0, 133, NULL, 4),
(1661, NULL, NULL, NULL, NULL, 0, NULL, 0, 134, NULL, 1),
(1662, NULL, NULL, NULL, NULL, 0, NULL, 0, 134, NULL, 2),
(1663, NULL, NULL, NULL, NULL, 0, NULL, 0, 134, NULL, 3),
(1664, NULL, NULL, NULL, NULL, 0, NULL, 0, 134, NULL, 4),
(1665, NULL, NULL, NULL, NULL, 0, NULL, 0, 135, NULL, 1),
(1666, NULL, NULL, NULL, NULL, 0, NULL, 0, 135, NULL, 2),
(1667, NULL, NULL, NULL, NULL, 0, NULL, 0, 135, NULL, 3),
(1668, NULL, NULL, NULL, NULL, 0, NULL, 0, 135, NULL, 4),
(1669, NULL, NULL, NULL, NULL, 0, NULL, 0, 136, NULL, 1),
(1670, NULL, NULL, NULL, NULL, 0, NULL, 0, 136, NULL, 2),
(1671, NULL, NULL, NULL, NULL, 0, NULL, 0, 136, NULL, 3),
(1672, NULL, NULL, NULL, NULL, 0, NULL, 0, 136, NULL, 4),
(1673, NULL, NULL, NULL, NULL, 0, NULL, 0, 137, NULL, 1),
(1674, NULL, NULL, NULL, NULL, 0, NULL, 0, 137, NULL, 2),
(1675, NULL, NULL, NULL, NULL, 0, NULL, 0, 137, NULL, 3),
(1676, NULL, NULL, NULL, NULL, 0, NULL, 0, 137, NULL, 4),
(1677, NULL, NULL, NULL, NULL, 0, NULL, 0, 138, NULL, 1),
(1678, NULL, NULL, NULL, NULL, 0, NULL, 0, 138, NULL, 2),
(1679, NULL, NULL, NULL, NULL, 0, NULL, 0, 138, NULL, 3),
(1680, NULL, NULL, NULL, NULL, 0, NULL, 0, 138, NULL, 4),
(1681, NULL, NULL, NULL, NULL, 0, NULL, 0, 139, NULL, 1),
(1682, NULL, NULL, NULL, NULL, 0, NULL, 0, 139, NULL, 2),
(1683, NULL, NULL, NULL, NULL, 0, NULL, 0, 139, NULL, 3),
(1684, NULL, NULL, NULL, NULL, 0, NULL, 0, 139, NULL, 4),
(1685, NULL, NULL, NULL, NULL, 0, NULL, 0, 140, NULL, 1),
(1686, NULL, NULL, NULL, NULL, 0, NULL, 0, 140, NULL, 2),
(1687, NULL, NULL, NULL, NULL, 0, NULL, 0, 140, NULL, 3),
(1688, NULL, NULL, NULL, NULL, 0, NULL, 0, 140, NULL, 4),
(1689, NULL, NULL, NULL, NULL, 0, NULL, 0, 141, NULL, 1),
(1690, NULL, NULL, NULL, NULL, 0, NULL, 0, 141, NULL, 2),
(1691, NULL, NULL, NULL, NULL, 0, NULL, 0, 141, NULL, 3),
(1692, NULL, NULL, NULL, NULL, 0, NULL, 0, 141, NULL, 4),
(1693, NULL, NULL, NULL, NULL, 0, NULL, 0, 142, NULL, 1),
(1694, NULL, NULL, NULL, NULL, 0, NULL, 0, 142, NULL, 2),
(1695, NULL, NULL, NULL, NULL, 0, NULL, 0, 142, NULL, 3),
(1696, NULL, NULL, NULL, NULL, 0, NULL, 0, 142, NULL, 4),
(1697, NULL, NULL, NULL, NULL, 0, NULL, 0, 143, NULL, 1),
(1698, NULL, NULL, NULL, NULL, 0, NULL, 0, 143, NULL, 2),
(1699, NULL, NULL, NULL, NULL, 0, NULL, 0, 143, NULL, 3),
(1700, NULL, NULL, NULL, NULL, 0, NULL, 0, 143, NULL, 4),
(1701, NULL, NULL, NULL, NULL, 0, NULL, -1, 81, NULL, 1),
(1702, NULL, NULL, NULL, NULL, 0, NULL, -1, 81, NULL, 2),
(1703, NULL, NULL, NULL, NULL, 0, NULL, -1, 81, NULL, 3),
(1704, NULL, NULL, NULL, NULL, 0, NULL, -1, 81, NULL, 4),
(1705, NULL, NULL, NULL, NULL, 0, NULL, -1, 82, NULL, 1),
(1706, NULL, NULL, NULL, NULL, 0, NULL, -1, 82, NULL, 2),
(1707, NULL, NULL, NULL, NULL, 0, NULL, -1, 82, NULL, 3),
(1708, NULL, NULL, NULL, NULL, 0, NULL, -1, 82, NULL, 4),
(1709, NULL, NULL, NULL, NULL, 0, NULL, -1, 83, NULL, 1),
(1710, NULL, NULL, NULL, NULL, 0, NULL, -1, 83, NULL, 2),
(1711, NULL, NULL, NULL, NULL, 0, NULL, -1, 83, NULL, 3),
(1712, NULL, NULL, NULL, NULL, 0, NULL, -1, 83, NULL, 4),
(1713, NULL, NULL, NULL, NULL, 0, NULL, -1, 84, NULL, 1),
(1714, NULL, NULL, NULL, NULL, 0, NULL, -1, 84, NULL, 2),
(1715, NULL, NULL, NULL, NULL, 0, NULL, -1, 84, NULL, 3),
(1716, NULL, NULL, NULL, NULL, 0, NULL, -1, 84, NULL, 4),
(1717, NULL, NULL, NULL, NULL, 0, NULL, -1, 85, NULL, 1),
(1718, NULL, NULL, NULL, NULL, 0, NULL, -1, 85, NULL, 2),
(1719, NULL, NULL, NULL, NULL, 0, NULL, -1, 85, NULL, 3),
(1720, NULL, NULL, NULL, NULL, 0, NULL, -1, 85, NULL, 4),
(1721, NULL, NULL, NULL, NULL, 0, NULL, -1, 86, NULL, 1),
(1722, NULL, NULL, NULL, NULL, 0, NULL, -1, 86, NULL, 2),
(1723, NULL, NULL, NULL, NULL, 0, NULL, -1, 86, NULL, 3),
(1724, NULL, NULL, NULL, NULL, 0, NULL, -1, 86, NULL, 4),
(1725, NULL, NULL, NULL, NULL, 0, NULL, -1, 87, NULL, 1),
(1726, NULL, NULL, NULL, NULL, 0, NULL, -1, 87, NULL, 2),
(1727, NULL, NULL, NULL, NULL, 0, NULL, -1, 87, NULL, 3),
(1728, NULL, NULL, NULL, NULL, 0, NULL, -1, 87, NULL, 4),
(1729, NULL, NULL, NULL, NULL, 0, NULL, -1, 88, NULL, 1),
(1730, NULL, NULL, NULL, NULL, 0, NULL, -1, 88, NULL, 2),
(1731, NULL, NULL, NULL, NULL, 0, NULL, -1, 88, NULL, 3),
(1732, NULL, NULL, NULL, NULL, 0, NULL, -1, 88, NULL, 4),
(1733, NULL, NULL, NULL, NULL, 0, NULL, -1, 89, NULL, 1),
(1734, NULL, NULL, NULL, NULL, 0, NULL, -1, 89, NULL, 2),
(1735, NULL, NULL, NULL, NULL, 0, NULL, -1, 89, NULL, 3),
(1736, NULL, NULL, NULL, NULL, 0, NULL, -1, 89, NULL, 4),
(1737, NULL, NULL, NULL, NULL, 0, NULL, -1, 90, NULL, 1),
(1738, NULL, NULL, NULL, NULL, 0, NULL, -1, 90, NULL, 2),
(1739, NULL, NULL, NULL, NULL, 0, NULL, -1, 90, NULL, 3),
(1740, NULL, NULL, NULL, NULL, 0, NULL, -1, 90, NULL, 4),
(1741, NULL, NULL, NULL, NULL, 0, NULL, -1, 91, NULL, 1),
(1742, NULL, NULL, NULL, NULL, 0, NULL, -1, 91, NULL, 2),
(1743, NULL, NULL, NULL, NULL, 0, NULL, -1, 91, NULL, 3),
(1744, NULL, NULL, NULL, NULL, 0, NULL, -1, 91, NULL, 4),
(1745, NULL, NULL, NULL, NULL, 0, NULL, -1, 92, NULL, 1),
(1746, NULL, NULL, NULL, NULL, 0, NULL, -1, 92, NULL, 2),
(1747, NULL, NULL, NULL, NULL, 0, NULL, -1, 92, NULL, 3),
(1748, NULL, NULL, NULL, NULL, 0, NULL, -1, 92, NULL, 4),
(1749, NULL, NULL, NULL, NULL, 0, NULL, -1, 93, NULL, 1),
(1750, NULL, NULL, NULL, NULL, 0, NULL, -1, 93, NULL, 2),
(1751, NULL, NULL, NULL, NULL, 0, NULL, -1, 93, NULL, 3),
(1752, NULL, NULL, NULL, NULL, 0, NULL, -1, 93, NULL, 4),
(1753, NULL, NULL, NULL, NULL, 0, NULL, -1, 94, NULL, 1),
(1754, NULL, NULL, NULL, NULL, 0, NULL, -1, 94, NULL, 2),
(1755, NULL, NULL, NULL, NULL, 0, NULL, -1, 94, NULL, 3),
(1756, NULL, NULL, NULL, NULL, 0, NULL, -1, 94, NULL, 4),
(1757, NULL, NULL, NULL, NULL, 0, NULL, -1, 95, NULL, 1),
(1758, NULL, NULL, NULL, NULL, 0, NULL, -1, 95, NULL, 2),
(1759, NULL, NULL, NULL, NULL, 0, NULL, -1, 95, NULL, 3),
(1760, NULL, NULL, NULL, NULL, 0, NULL, -1, 95, NULL, 4),
(1761, NULL, NULL, NULL, NULL, 0, NULL, -1, 96, NULL, 1),
(1762, NULL, NULL, NULL, NULL, 0, NULL, -1, 96, NULL, 2),
(1763, NULL, NULL, NULL, NULL, 0, NULL, -1, 96, NULL, 3),
(1764, NULL, NULL, NULL, NULL, 0, NULL, -1, 96, NULL, 4);
INSERT INTO `z58_units` (`id`, `tank`, `hitpoints`, `name`, `experience`, `count`, `dive_status`, `id_user`, `id_zarea`, `id_zsea`, `id_unit`) VALUES
(1765, NULL, NULL, NULL, NULL, 0, NULL, -1, 97, NULL, 1),
(1766, NULL, NULL, NULL, NULL, 0, NULL, -1, 97, NULL, 2),
(1767, NULL, NULL, NULL, NULL, 0, NULL, -1, 97, NULL, 3),
(1768, NULL, NULL, NULL, NULL, 0, NULL, -1, 97, NULL, 4),
(1769, NULL, NULL, NULL, NULL, 0, NULL, -1, 98, NULL, 1),
(1770, NULL, NULL, NULL, NULL, 0, NULL, -1, 98, NULL, 2),
(1771, NULL, NULL, NULL, NULL, 0, NULL, -1, 98, NULL, 3),
(1772, NULL, NULL, NULL, NULL, 0, NULL, -1, 98, NULL, 4),
(1773, NULL, NULL, NULL, NULL, 0, NULL, -1, 99, NULL, 1),
(1774, NULL, NULL, NULL, NULL, 0, NULL, -1, 99, NULL, 2),
(1775, NULL, NULL, NULL, NULL, 0, NULL, -1, 99, NULL, 3),
(1776, NULL, NULL, NULL, NULL, 0, NULL, -1, 99, NULL, 4),
(1777, NULL, NULL, NULL, NULL, 0, NULL, -1, 100, NULL, 1),
(1778, NULL, NULL, NULL, NULL, 0, NULL, -1, 100, NULL, 2),
(1779, NULL, NULL, NULL, NULL, 0, NULL, -1, 100, NULL, 3),
(1780, NULL, NULL, NULL, NULL, 0, NULL, -1, 100, NULL, 4),
(1781, NULL, NULL, NULL, NULL, 0, NULL, -1, 101, NULL, 1),
(1782, NULL, NULL, NULL, NULL, 0, NULL, -1, 101, NULL, 2),
(1783, NULL, NULL, NULL, NULL, 0, NULL, -1, 101, NULL, 3),
(1784, NULL, NULL, NULL, NULL, 0, NULL, -1, 101, NULL, 4),
(1785, NULL, NULL, NULL, NULL, 0, NULL, -1, 102, NULL, 1),
(1786, NULL, NULL, NULL, NULL, 0, NULL, -1, 102, NULL, 2),
(1787, NULL, NULL, NULL, NULL, 0, NULL, -1, 102, NULL, 3),
(1788, NULL, NULL, NULL, NULL, 0, NULL, -1, 102, NULL, 4),
(1789, NULL, NULL, NULL, NULL, 0, NULL, -1, 103, NULL, 1),
(1790, NULL, NULL, NULL, NULL, 0, NULL, -1, 103, NULL, 2),
(1791, NULL, NULL, NULL, NULL, 0, NULL, -1, 103, NULL, 3),
(1792, NULL, NULL, NULL, NULL, 0, NULL, -1, 103, NULL, 4),
(1793, NULL, NULL, NULL, NULL, 0, NULL, -1, 104, NULL, 1),
(1794, NULL, NULL, NULL, NULL, 0, NULL, -1, 104, NULL, 2),
(1795, NULL, NULL, NULL, NULL, 0, NULL, -1, 104, NULL, 3),
(1796, NULL, NULL, NULL, NULL, 0, NULL, -1, 104, NULL, 4),
(1797, NULL, NULL, NULL, NULL, 0, NULL, -1, 105, NULL, 1),
(1798, NULL, NULL, NULL, NULL, 0, NULL, -1, 105, NULL, 2),
(1799, NULL, NULL, NULL, NULL, 0, NULL, -1, 105, NULL, 3),
(1800, NULL, NULL, NULL, NULL, 0, NULL, -1, 105, NULL, 4),
(1801, NULL, NULL, NULL, NULL, 0, NULL, -1, 106, NULL, 1),
(1802, NULL, NULL, NULL, NULL, 0, NULL, -1, 106, NULL, 2),
(1803, NULL, NULL, NULL, NULL, 0, NULL, -1, 106, NULL, 3),
(1804, NULL, NULL, NULL, NULL, 0, NULL, -1, 106, NULL, 4),
(1805, NULL, NULL, NULL, NULL, 0, NULL, -1, 107, NULL, 1),
(1806, NULL, NULL, NULL, NULL, 0, NULL, -1, 107, NULL, 2),
(1807, NULL, NULL, NULL, NULL, 0, NULL, -1, 107, NULL, 3),
(1808, NULL, NULL, NULL, NULL, 0, NULL, -1, 107, NULL, 4),
(1809, NULL, NULL, NULL, NULL, 0, NULL, -1, 108, NULL, 1),
(1810, NULL, NULL, NULL, NULL, 0, NULL, -1, 108, NULL, 2),
(1811, NULL, NULL, NULL, NULL, 0, NULL, -1, 108, NULL, 3),
(1812, NULL, NULL, NULL, NULL, 0, NULL, -1, 108, NULL, 4),
(1813, NULL, NULL, NULL, NULL, 0, NULL, -1, 109, NULL, 1),
(1814, NULL, NULL, NULL, NULL, 0, NULL, -1, 109, NULL, 2),
(1815, NULL, NULL, NULL, NULL, 0, NULL, -1, 109, NULL, 3),
(1816, NULL, NULL, NULL, NULL, 0, NULL, -1, 109, NULL, 4),
(1817, NULL, NULL, NULL, NULL, 0, NULL, -1, 110, NULL, 1),
(1818, NULL, NULL, NULL, NULL, 0, NULL, -1, 110, NULL, 2),
(1819, NULL, NULL, NULL, NULL, 0, NULL, -1, 110, NULL, 3),
(1820, NULL, NULL, NULL, NULL, 0, NULL, -1, 110, NULL, 4),
(1821, NULL, NULL, NULL, NULL, 0, NULL, -1, 111, NULL, 1),
(1822, NULL, NULL, NULL, NULL, 0, NULL, -1, 111, NULL, 2),
(1823, NULL, NULL, NULL, NULL, 0, NULL, -1, 111, NULL, 3),
(1824, NULL, NULL, NULL, NULL, 0, NULL, -1, 111, NULL, 4),
(1825, NULL, NULL, NULL, NULL, 0, NULL, -1, 112, NULL, 1),
(1826, NULL, NULL, NULL, NULL, 0, NULL, -1, 112, NULL, 2),
(1827, NULL, NULL, NULL, NULL, 0, NULL, -1, 112, NULL, 3),
(1828, NULL, NULL, NULL, NULL, 0, NULL, -1, 112, NULL, 4),
(1829, NULL, NULL, NULL, NULL, 0, NULL, -1, 113, NULL, 1),
(1830, NULL, NULL, NULL, NULL, 0, NULL, -1, 113, NULL, 2),
(1831, NULL, NULL, NULL, NULL, 0, NULL, -1, 113, NULL, 3),
(1832, NULL, NULL, NULL, NULL, 0, NULL, -1, 113, NULL, 4),
(1833, NULL, NULL, NULL, NULL, 0, NULL, -1, 114, NULL, 1),
(1834, NULL, NULL, NULL, NULL, 0, NULL, -1, 114, NULL, 2),
(1835, NULL, NULL, NULL, NULL, 0, NULL, -1, 114, NULL, 3),
(1836, NULL, NULL, NULL, NULL, 0, NULL, -1, 114, NULL, 4),
(1837, NULL, NULL, NULL, NULL, 0, NULL, -1, 115, NULL, 1),
(1838, NULL, NULL, NULL, NULL, 0, NULL, -1, 115, NULL, 2),
(1839, NULL, NULL, NULL, NULL, 0, NULL, -1, 115, NULL, 3),
(1840, NULL, NULL, NULL, NULL, 0, NULL, -1, 115, NULL, 4),
(1841, NULL, NULL, NULL, NULL, 0, NULL, -1, 116, NULL, 1),
(1842, NULL, NULL, NULL, NULL, 0, NULL, -1, 116, NULL, 2),
(1843, NULL, NULL, NULL, NULL, 0, NULL, -1, 116, NULL, 3),
(1844, NULL, NULL, NULL, NULL, 0, NULL, -1, 116, NULL, 4),
(1845, NULL, NULL, NULL, NULL, 0, NULL, -1, 117, NULL, 1),
(1846, NULL, NULL, NULL, NULL, 0, NULL, -1, 117, NULL, 2),
(1847, NULL, NULL, NULL, NULL, 0, NULL, -1, 117, NULL, 3),
(1848, NULL, NULL, NULL, NULL, 0, NULL, -1, 117, NULL, 4),
(1849, NULL, NULL, NULL, NULL, 0, NULL, -1, 118, NULL, 1),
(1850, NULL, NULL, NULL, NULL, 0, NULL, -1, 118, NULL, 2),
(1851, NULL, NULL, NULL, NULL, 0, NULL, -1, 118, NULL, 3),
(1852, NULL, NULL, NULL, NULL, 0, NULL, -1, 118, NULL, 4),
(1853, NULL, NULL, NULL, NULL, 0, NULL, -1, 119, NULL, 1),
(1854, NULL, NULL, NULL, NULL, 0, NULL, -1, 119, NULL, 2),
(1855, NULL, NULL, NULL, NULL, 0, NULL, -1, 119, NULL, 3),
(1856, NULL, NULL, NULL, NULL, 0, NULL, -1, 119, NULL, 4),
(1857, NULL, NULL, NULL, NULL, 0, NULL, -1, 120, NULL, 1),
(1858, NULL, NULL, NULL, NULL, 0, NULL, -1, 120, NULL, 2),
(1859, NULL, NULL, NULL, NULL, 0, NULL, -1, 120, NULL, 3),
(1860, NULL, NULL, NULL, NULL, 0, NULL, -1, 120, NULL, 4),
(1861, NULL, NULL, NULL, NULL, 0, NULL, -1, 121, NULL, 1),
(1862, NULL, NULL, NULL, NULL, 0, NULL, -1, 121, NULL, 2),
(1863, NULL, NULL, NULL, NULL, 0, NULL, -1, 121, NULL, 3),
(1864, NULL, NULL, NULL, NULL, 0, NULL, -1, 121, NULL, 4),
(1865, NULL, NULL, NULL, NULL, 0, NULL, -1, 122, NULL, 1),
(1866, NULL, NULL, NULL, NULL, 0, NULL, -1, 122, NULL, 2),
(1867, NULL, NULL, NULL, NULL, 0, NULL, -1, 122, NULL, 3),
(1868, NULL, NULL, NULL, NULL, 0, NULL, -1, 122, NULL, 4),
(1869, NULL, NULL, NULL, NULL, 0, NULL, -1, 123, NULL, 1),
(1870, NULL, NULL, NULL, NULL, 0, NULL, -1, 123, NULL, 2),
(1871, NULL, NULL, NULL, NULL, 0, NULL, -1, 123, NULL, 3),
(1872, NULL, NULL, NULL, NULL, 0, NULL, -1, 123, NULL, 4),
(1873, NULL, NULL, NULL, NULL, 0, NULL, -1, 124, NULL, 1),
(1874, NULL, NULL, NULL, NULL, 0, NULL, -1, 124, NULL, 2),
(1875, NULL, NULL, NULL, NULL, 0, NULL, -1, 124, NULL, 3),
(1876, NULL, NULL, NULL, NULL, 0, NULL, -1, 124, NULL, 4),
(1877, NULL, NULL, NULL, NULL, 0, NULL, -1, 125, NULL, 1),
(1878, NULL, NULL, NULL, NULL, 0, NULL, -1, 125, NULL, 2),
(1879, NULL, NULL, NULL, NULL, 0, NULL, -1, 125, NULL, 3),
(1880, NULL, NULL, NULL, NULL, 0, NULL, -1, 125, NULL, 4),
(1881, NULL, NULL, NULL, NULL, 0, NULL, -1, 126, NULL, 1),
(1882, NULL, NULL, NULL, NULL, 0, NULL, -1, 126, NULL, 2),
(1883, NULL, NULL, NULL, NULL, 0, NULL, -1, 126, NULL, 3),
(1884, NULL, NULL, NULL, NULL, 0, NULL, -1, 126, NULL, 4),
(1885, NULL, NULL, NULL, NULL, 0, NULL, -1, 127, NULL, 1),
(1886, NULL, NULL, NULL, NULL, 0, NULL, -1, 127, NULL, 2),
(1887, NULL, NULL, NULL, NULL, 0, NULL, -1, 127, NULL, 3),
(1888, NULL, NULL, NULL, NULL, 0, NULL, -1, 127, NULL, 4),
(1889, NULL, NULL, NULL, NULL, 0, NULL, -1, 128, NULL, 1),
(1890, NULL, NULL, NULL, NULL, 0, NULL, -1, 128, NULL, 2),
(1891, NULL, NULL, NULL, NULL, 0, NULL, -1, 128, NULL, 3),
(1892, NULL, NULL, NULL, NULL, 0, NULL, -1, 128, NULL, 4),
(1893, NULL, NULL, NULL, NULL, 0, NULL, -1, 129, NULL, 1),
(1894, NULL, NULL, NULL, NULL, 0, NULL, -1, 129, NULL, 2),
(1895, NULL, NULL, NULL, NULL, 0, NULL, -1, 129, NULL, 3),
(1896, NULL, NULL, NULL, NULL, 0, NULL, -1, 129, NULL, 4),
(1897, NULL, NULL, NULL, NULL, 0, NULL, -1, 130, NULL, 1),
(1898, NULL, NULL, NULL, NULL, 0, NULL, -1, 130, NULL, 2),
(1899, NULL, NULL, NULL, NULL, 0, NULL, -1, 130, NULL, 3),
(1900, NULL, NULL, NULL, NULL, 0, NULL, -1, 130, NULL, 4),
(1901, NULL, NULL, NULL, NULL, 0, NULL, -1, 131, NULL, 1),
(1902, NULL, NULL, NULL, NULL, 0, NULL, -1, 131, NULL, 2),
(1903, NULL, NULL, NULL, NULL, 0, NULL, -1, 131, NULL, 3),
(1904, NULL, NULL, NULL, NULL, 0, NULL, -1, 131, NULL, 4),
(1905, NULL, NULL, NULL, NULL, 0, NULL, -1, 132, NULL, 1),
(1906, NULL, NULL, NULL, NULL, 0, NULL, -1, 132, NULL, 2),
(1907, NULL, NULL, NULL, NULL, 0, NULL, -1, 132, NULL, 3),
(1908, NULL, NULL, NULL, NULL, 0, NULL, -1, 132, NULL, 4),
(1909, NULL, NULL, NULL, NULL, 0, NULL, -1, 133, NULL, 1),
(1910, NULL, NULL, NULL, NULL, 0, NULL, -1, 133, NULL, 2),
(1911, NULL, NULL, NULL, NULL, 0, NULL, -1, 133, NULL, 3),
(1912, NULL, NULL, NULL, NULL, 0, NULL, -1, 133, NULL, 4),
(1913, NULL, NULL, NULL, NULL, 0, NULL, -1, 134, NULL, 1),
(1914, NULL, NULL, NULL, NULL, 0, NULL, -1, 134, NULL, 2),
(1915, NULL, NULL, NULL, NULL, 0, NULL, -1, 134, NULL, 3),
(1916, NULL, NULL, NULL, NULL, 0, NULL, -1, 134, NULL, 4),
(1917, NULL, NULL, NULL, NULL, 0, NULL, -1, 135, NULL, 1),
(1918, NULL, NULL, NULL, NULL, 0, NULL, -1, 135, NULL, 2),
(1919, NULL, NULL, NULL, NULL, 0, NULL, -1, 135, NULL, 3),
(1920, NULL, NULL, NULL, NULL, 0, NULL, -1, 135, NULL, 4),
(1921, NULL, NULL, NULL, NULL, 0, NULL, -1, 136, NULL, 1),
(1922, NULL, NULL, NULL, NULL, 0, NULL, -1, 136, NULL, 2),
(1923, NULL, NULL, NULL, NULL, 0, NULL, -1, 136, NULL, 3),
(1924, NULL, NULL, NULL, NULL, 0, NULL, -1, 136, NULL, 4),
(1925, NULL, NULL, NULL, NULL, 0, NULL, -1, 137, NULL, 1),
(1926, NULL, NULL, NULL, NULL, 0, NULL, -1, 137, NULL, 2),
(1927, NULL, NULL, NULL, NULL, 0, NULL, -1, 137, NULL, 3),
(1928, NULL, NULL, NULL, NULL, 0, NULL, -1, 137, NULL, 4),
(1929, NULL, NULL, NULL, NULL, 0, NULL, -1, 138, NULL, 1),
(1930, NULL, NULL, NULL, NULL, 0, NULL, -1, 138, NULL, 2),
(1931, NULL, NULL, NULL, NULL, 0, NULL, -1, 138, NULL, 3),
(1932, NULL, NULL, NULL, NULL, 0, NULL, -1, 138, NULL, 4),
(1933, NULL, NULL, NULL, NULL, 0, NULL, -1, 139, NULL, 1),
(1934, NULL, NULL, NULL, NULL, 0, NULL, -1, 139, NULL, 2),
(1935, NULL, NULL, NULL, NULL, 0, NULL, -1, 139, NULL, 3),
(1936, NULL, NULL, NULL, NULL, 0, NULL, -1, 139, NULL, 4),
(1937, NULL, NULL, NULL, NULL, 0, NULL, -1, 140, NULL, 1),
(1938, NULL, NULL, NULL, NULL, 0, NULL, -1, 140, NULL, 2),
(1939, NULL, NULL, NULL, NULL, 0, NULL, -1, 140, NULL, 3),
(1940, NULL, NULL, NULL, NULL, 0, NULL, -1, 140, NULL, 4),
(1941, NULL, NULL, NULL, NULL, 0, NULL, -1, 141, NULL, 1),
(1942, NULL, NULL, NULL, NULL, 0, NULL, -1, 141, NULL, 2),
(1943, NULL, NULL, NULL, NULL, 0, NULL, -1, 141, NULL, 3),
(1944, NULL, NULL, NULL, NULL, 0, NULL, -1, 141, NULL, 4),
(1945, NULL, NULL, NULL, NULL, 0, NULL, -1, 142, NULL, 1),
(1946, NULL, NULL, NULL, NULL, 0, NULL, -1, 142, NULL, 2),
(1947, NULL, NULL, NULL, NULL, 0, NULL, -1, 142, NULL, 3),
(1948, NULL, NULL, NULL, NULL, 0, NULL, -1, 142, NULL, 4),
(1949, NULL, NULL, NULL, NULL, 0, NULL, -1, 143, NULL, 1),
(1950, NULL, NULL, NULL, NULL, 0, NULL, -1, 143, NULL, 2),
(1951, NULL, NULL, NULL, NULL, 0, NULL, -1, 143, NULL, 3),
(1952, NULL, NULL, NULL, NULL, 0, NULL, -1, 143, NULL, 4);

-- --------------------------------------------------------

--
-- Table structure for table `z_areas`
--

CREATE TABLE `z_areas` (
  `id` int(11) NOT NULL,
  `tank` int(11) NOT NULL DEFAULT '0',
  `id_user` int(11) NOT NULL DEFAULT '-1',
  `id_area` int(11) NOT NULL,
  `id_resource` int(11) NOT NULL DEFAULT '0',
  `productivity` int(11) NOT NULL DEFAULT '0'
) ENGINE=InnoDB DEFAULT CHARSET=utf8;

-- --------------------------------------------------------

--
-- Table structure for table `z_battle_reports`
--

CREATE TABLE `z_battle_reports` (
  `id` int(11) NOT NULL,
  `id_winner` int(11) DEFAULT NULL,
  `round` int(11) NOT NULL,
  `id_phase` int(11) NOT NULL
) ENGINE=InnoDB DEFAULT CHARSET=utf8;

-- --------------------------------------------------------

--
-- Table structure for table `z_battle_reports_units`
--

CREATE TABLE `z_battle_reports_units` (
  `id` int(11) NOT NULL,
  `id_battle` int(11) NOT NULL,
  `id_user` int(11) NOT NULL,
  `battle_round` int(11) NOT NULL,
  `type` enum('start','heal','loss','end') NOT NULL DEFAULT 'start',
  `id_unit` int(11) NOT NULL,
  `numberof` int(11) NOT NULL
) ENGINE=InnoDB DEFAULT CHARSET=utf8;

-- --------------------------------------------------------

--
-- Table structure for table `z_battle_reports_user`
--

CREATE TABLE `z_battle_reports_user` (
  `id` int(11) NOT NULL,
  `id_battle` int(11) NOT NULL,
  `id_user` int(11) NOT NULL,
  `id_targetarea` int(11) DEFAULT NULL,
  `id_finalarea` int(11) DEFAULT NULL,
  `show` tinyint(1) NOT NULL
) ENGINE=InnoDB DEFAULT CHARSET=utf8;

-- --------------------------------------------------------

--
-- Table structure for table `z_moves`
--

CREATE TABLE `z_moves` (
  `id` int(11) NOT NULL,
  `id_user` int(11) NOT NULL,
  `id_phase` int(11) NOT NULL,
  `round` int(11) NOT NULL DEFAULT '0',
  `deleted` tinyint(4) NOT NULL DEFAULT '0',
  `id_move_error` int(11) DEFAULT NULL
) ENGINE=InnoDB DEFAULT CHARSET=utf8;

-- --------------------------------------------------------

--
-- Table structure for table `z_moves_areas`
--

CREATE TABLE `z_moves_areas` (
  `id` int(11) NOT NULL,
  `id_zmove` int(11) NOT NULL,
  `id_zarea` int(11) NOT NULL,
  `step` int(11) NOT NULL DEFAULT '1'
) ENGINE=InnoDB DEFAULT CHARSET=utf8;

-- --------------------------------------------------------

--
-- Table structure for table `z_moves_units`
--

CREATE TABLE `z_moves_units` (
  `id` int(11) NOT NULL,
  `id_zunit` int(11) DEFAULT NULL,
  `id_zmove` int(11) NOT NULL,
  `numberof` int(11) DEFAULT NULL
) ENGINE=InnoDB DEFAULT CHARSET=utf8;

-- --------------------------------------------------------

--
-- Table structure for table `z_techs`
--

CREATE TABLE `z_techs` (
  `id` int(11) NOT NULL,
  `id_user` int(11) NOT NULL,
  `id_techs` int(11) NOT NULL
) ENGINE=InnoDB DEFAULT CHARSET=utf8;

-- --------------------------------------------------------

--
-- Table structure for table `z_traderoutes`
--

CREATE TABLE `z_traderoutes` (
  `id` int(11) NOT NULL,
  `name` varchar(40) DEFAULT NULL,
  `id_traderoute1` int(11) NOT NULL,
  `id_traderoute2` int(11) NOT NULL DEFAULT '0',
  `value` int(11) NOT NULL DEFAULT '0',
  `max_value` int(11) NOT NULL,
  `id_user` int(11) NOT NULL
) ENGINE=InnoDB DEFAULT CHARSET=utf8;

-- --------------------------------------------------------

--
-- Table structure for table `z_units`
--

CREATE TABLE `z_units` (
  `id` int(11) NOT NULL,
  `tank` int(11) DEFAULT NULL,
  `hitpoints` int(11) DEFAULT NULL,
  `name` varchar(40) DEFAULT NULL,
  `experience` int(11) DEFAULT NULL,
  `numberof` int(11) DEFAULT NULL,
  `dive_status` enum('up','diving','silent') DEFAULT NULL,
  `id_user` int(11) NOT NULL,
  `id_zarea` int(11) DEFAULT NULL,
  `id_zsea` int(11) DEFAULT NULL,
  `id_unit` int(11) NOT NULL
) ENGINE=InnoDB DEFAULT CHARSET=utf8;

--
-- Indexes for dumped tables
--

--
-- Indexes for table `a2a`
--
ALTER TABLE `a2a`
  ADD PRIMARY KEY (`id`);

--
-- Indexes for table `areas`
--
ALTER TABLE `areas`
  ADD PRIMARY KEY (`id`),
  ADD UNIQUE KEY `number` (`number`);

--
-- Indexes for table `colors`
--
ALTER TABLE `colors`
  ADD PRIMARY KEY (`id`);

--
-- Indexes for table `dice`
--
ALTER TABLE `dice`
  ADD PRIMARY KEY (`id`);

--
-- Indexes for table `games`
--
ALTER TABLE `games`
  ADD PRIMARY KEY (`id`),
  ADD UNIQUE KEY `name_UNIQUE` (`name`);

--
-- Indexes for table `game_modes`
--
ALTER TABLE `game_modes`
  ADD PRIMARY KEY (`id`);

--
-- Indexes for table `has_dice`
--
ALTER TABLE `has_dice`
  ADD PRIMARY KEY (`id`);

--
-- Indexes for table `has_hits`
--
ALTER TABLE `has_hits`
  ADD PRIMARY KEY (`id`);

--
-- Indexes for table `has_units`
--
ALTER TABLE `has_units`
  ADD PRIMARY KEY (`id`);

--
-- Indexes for table `hits`
--
ALTER TABLE `hits`
  ADD PRIMARY KEY (`id`);

--
-- Indexes for table `in_game_phase_info`
--
ALTER TABLE `in_game_phase_info`
  ADD PRIMARY KEY (`id`);

--
-- Indexes for table `is_in_game`
--
ALTER TABLE `is_in_game`
  ADD PRIMARY KEY (`id`);

--
-- Indexes for table `move_errors`
--
ALTER TABLE `move_errors`
  ADD PRIMARY KEY (`id`);

--
-- Indexes for table `optiontypes`
--
ALTER TABLE `optiontypes`
  ADD PRIMARY KEY (`id`);

--
-- Indexes for table `phases`
--
ALTER TABLE `phases`
  ADD PRIMARY KEY (`id`);

--
-- Indexes for table `resources`
--
ALTER TABLE `resources`
  ADD PRIMARY KEY (`id`);

--
-- Indexes for table `resource_allocation`
--
ALTER TABLE `resource_allocation`
  ADD PRIMARY KEY (`id`);

--
-- Indexes for table `startregions`
--
ALTER TABLE `startregions`
  ADD PRIMARY KEY (`id`);

--
-- Indexes for table `startsets`
--
ALTER TABLE `startsets`
  ADD PRIMARY KEY (`id`);

--
-- Indexes for table `startships`
--
ALTER TABLE `startships`
  ADD PRIMARY KEY (`id`);

--
-- Indexes for table `techs`
--
ALTER TABLE `techs`
  ADD PRIMARY KEY (`id`);

--
-- Indexes for table `traderoutes`
--
ALTER TABLE `traderoutes`
  ADD PRIMARY KEY (`id`);

--
-- Indexes for table `traderoutes_production`
--
ALTER TABLE `traderoutes_production`
  ADD PRIMARY KEY (`id`),
  ADD UNIQUE KEY `value` (`value`);

--
-- Indexes for table `types`
--
ALTER TABLE `types`
  ADD PRIMARY KEY (`id`);

--
-- Indexes for table `units`
--
ALTER TABLE `units`
  ADD PRIMARY KEY (`id`);

--
-- Indexes for table `user`
--
ALTER TABLE `user`
  ADD PRIMARY KEY (`id`),
  ADD UNIQUE KEY `login_UNIQUE` (`login`);

--
-- Indexes for table `z58_areas`
--
ALTER TABLE `z58_areas`
  ADD PRIMARY KEY (`id`);

--
-- Indexes for table `z58_battle_reports`
--
ALTER TABLE `z58_battle_reports`
  ADD PRIMARY KEY (`id`);

--
-- Indexes for table `z58_battle_reports_units`
--
ALTER TABLE `z58_battle_reports_units`
  ADD PRIMARY KEY (`id`);

--
-- Indexes for table `z58_battle_reports_user`
--
ALTER TABLE `z58_battle_reports_user`
  ADD PRIMARY KEY (`id`);

--
-- Indexes for table `z58_moves`
--
ALTER TABLE `z58_moves`
  ADD PRIMARY KEY (`id`);

--
-- Indexes for table `z58_moves_areas`
--
ALTER TABLE `z58_moves_areas`
  ADD PRIMARY KEY (`id`);

--
-- Indexes for table `z58_moves_units`
--
ALTER TABLE `z58_moves_units`
  ADD PRIMARY KEY (`id`);

--
-- Indexes for table `z58_techs`
--
ALTER TABLE `z58_techs`
  ADD PRIMARY KEY (`id`);

--
-- Indexes for table `z58_traderoutes`
--
ALTER TABLE `z58_traderoutes`
  ADD PRIMARY KEY (`id`);

--
-- Indexes for table `z58_units`
--
ALTER TABLE `z58_units`
  ADD PRIMARY KEY (`id`);

--
-- Indexes for table `z_areas`
--
ALTER TABLE `z_areas`
  ADD PRIMARY KEY (`id`);

--
-- Indexes for table `z_battle_reports`
--
ALTER TABLE `z_battle_reports`
  ADD PRIMARY KEY (`id`);

--
-- Indexes for table `z_battle_reports_units`
--
ALTER TABLE `z_battle_reports_units`
  ADD PRIMARY KEY (`id`);

--
-- Indexes for table `z_battle_reports_user`
--
ALTER TABLE `z_battle_reports_user`
  ADD PRIMARY KEY (`id`);

--
-- Indexes for table `z_moves`
--
ALTER TABLE `z_moves`
  ADD PRIMARY KEY (`id`);

--
-- Indexes for table `z_moves_areas`
--
ALTER TABLE `z_moves_areas`
  ADD PRIMARY KEY (`id`);

--
-- Indexes for table `z_moves_units`
--
ALTER TABLE `z_moves_units`
  ADD PRIMARY KEY (`id`);

--
-- Indexes for table `z_techs`
--
ALTER TABLE `z_techs`
  ADD PRIMARY KEY (`id`);

--
-- Indexes for table `z_traderoutes`
--
ALTER TABLE `z_traderoutes`
  ADD PRIMARY KEY (`id`);

--
-- Indexes for table `z_units`
--
ALTER TABLE `z_units`
  ADD PRIMARY KEY (`id`);

--
-- AUTO_INCREMENT for dumped tables
--

--
-- AUTO_INCREMENT for table `a2a`
--
ALTER TABLE `a2a`
  MODIFY `id` int(11) NOT NULL AUTO_INCREMENT, AUTO_INCREMENT=816;
--
-- AUTO_INCREMENT for table `areas`
--
ALTER TABLE `areas`
  MODIFY `id` int(11) NOT NULL AUTO_INCREMENT, AUTO_INCREMENT=144;
--
-- AUTO_INCREMENT for table `colors`
--
ALTER TABLE `colors`
  MODIFY `id` int(11) NOT NULL AUTO_INCREMENT, AUTO_INCREMENT=7;
--
-- AUTO_INCREMENT for table `dice`
--
ALTER TABLE `dice`
  MODIFY `id` int(11) NOT NULL AUTO_INCREMENT, AUTO_INCREMENT=6;
--
-- AUTO_INCREMENT for table `games`
--
ALTER TABLE `games`
  MODIFY `id` int(11) NOT NULL AUTO_INCREMENT, AUTO_INCREMENT=59;
--
-- AUTO_INCREMENT for table `game_modes`
--
ALTER TABLE `game_modes`
  MODIFY `id` int(11) NOT NULL AUTO_INCREMENT, AUTO_INCREMENT=4;
--
-- AUTO_INCREMENT for table `has_dice`
--
ALTER TABLE `has_dice`
  MODIFY `id` int(11) NOT NULL AUTO_INCREMENT, AUTO_INCREMENT=17;
--
-- AUTO_INCREMENT for table `has_hits`
--
ALTER TABLE `has_hits`
  MODIFY `id` int(11) NOT NULL AUTO_INCREMENT, AUTO_INCREMENT=22;
--
-- AUTO_INCREMENT for table `has_units`
--
ALTER TABLE `has_units`
  MODIFY `id` int(11) NOT NULL AUTO_INCREMENT, AUTO_INCREMENT=73;
--
-- AUTO_INCREMENT for table `hits`
--
ALTER TABLE `hits`
  MODIFY `id` int(11) NOT NULL AUTO_INCREMENT, AUTO_INCREMENT=5;
--
-- AUTO_INCREMENT for table `in_game_phase_info`
--
ALTER TABLE `in_game_phase_info`
  MODIFY `id` int(11) NOT NULL AUTO_INCREMENT, AUTO_INCREMENT=171;
--
-- AUTO_INCREMENT for table `is_in_game`
--
ALTER TABLE `is_in_game`
  MODIFY `id` int(11) NOT NULL AUTO_INCREMENT, AUTO_INCREMENT=129;
--
-- AUTO_INCREMENT for table `move_errors`
--
ALTER TABLE `move_errors`
  MODIFY `id` int(11) NOT NULL AUTO_INCREMENT, AUTO_INCREMENT=11;
--
-- AUTO_INCREMENT for table `optiontypes`
--
ALTER TABLE `optiontypes`
  MODIFY `id` int(11) NOT NULL AUTO_INCREMENT, AUTO_INCREMENT=7;
--
-- AUTO_INCREMENT for table `phases`
--
ALTER TABLE `phases`
  MODIFY `id` int(11) NOT NULL AUTO_INCREMENT, AUTO_INCREMENT=24;
--
-- AUTO_INCREMENT for table `resources`
--
ALTER TABLE `resources`
  MODIFY `id` int(11) NOT NULL AUTO_INCREMENT, AUTO_INCREMENT=6;
--
-- AUTO_INCREMENT for table `resource_allocation`
--
ALTER TABLE `resource_allocation`
  MODIFY `id` int(11) NOT NULL AUTO_INCREMENT, AUTO_INCREMENT=25;
--
-- AUTO_INCREMENT for table `startregions`
--
ALTER TABLE `startregions`
  MODIFY `id` int(11) NOT NULL AUTO_INCREMENT, AUTO_INCREMENT=119;
--
-- AUTO_INCREMENT for table `startsets`
--
ALTER TABLE `startsets`
  MODIFY `id` int(11) NOT NULL AUTO_INCREMENT, AUTO_INCREMENT=13;
--
-- AUTO_INCREMENT for table `startships`
--
ALTER TABLE `startships`
  MODIFY `id` int(11) NOT NULL AUTO_INCREMENT, AUTO_INCREMENT=9;
--
-- AUTO_INCREMENT for table `techs`
--
ALTER TABLE `techs`
  MODIFY `id` int(11) NOT NULL AUTO_INCREMENT;
--
-- AUTO_INCREMENT for table `traderoutes`
--
ALTER TABLE `traderoutes`
  MODIFY `id` int(11) NOT NULL AUTO_INCREMENT, AUTO_INCREMENT=3679;
--
-- AUTO_INCREMENT for table `traderoutes_production`
--
ALTER TABLE `traderoutes_production`
  MODIFY `id` int(11) NOT NULL AUTO_INCREMENT, AUTO_INCREMENT=21;
--
-- AUTO_INCREMENT for table `types`
--
ALTER TABLE `types`
  MODIFY `id` int(11) NOT NULL AUTO_INCREMENT, AUTO_INCREMENT=4;
--
-- AUTO_INCREMENT for table `units`
--
ALTER TABLE `units`
  MODIFY `id` int(11) NOT NULL AUTO_INCREMENT, AUTO_INCREMENT=9;
--
-- AUTO_INCREMENT for table `user`
--
ALTER TABLE `user`
  MODIFY `id` int(10) UNSIGNED NOT NULL AUTO_INCREMENT, AUTO_INCREMENT=36;
--
-- AUTO_INCREMENT for table `z58_areas`
--
ALTER TABLE `z58_areas`
  MODIFY `id` int(11) NOT NULL AUTO_INCREMENT, AUTO_INCREMENT=144;
--
-- AUTO_INCREMENT for table `z58_battle_reports`
--
ALTER TABLE `z58_battle_reports`
  MODIFY `id` int(11) NOT NULL AUTO_INCREMENT;
--
-- AUTO_INCREMENT for table `z58_battle_reports_units`
--
ALTER TABLE `z58_battle_reports_units`
  MODIFY `id` int(11) NOT NULL AUTO_INCREMENT;
--
-- AUTO_INCREMENT for table `z58_battle_reports_user`
--
ALTER TABLE `z58_battle_reports_user`
  MODIFY `id` int(11) NOT NULL AUTO_INCREMENT;
--
-- AUTO_INCREMENT for table `z58_moves`
--
ALTER TABLE `z58_moves`
  MODIFY `id` int(11) NOT NULL AUTO_INCREMENT, AUTO_INCREMENT=25;
--
-- AUTO_INCREMENT for table `z58_moves_areas`
--
ALTER TABLE `z58_moves_areas`
  MODIFY `id` int(11) NOT NULL AUTO_INCREMENT, AUTO_INCREMENT=60;
--
-- AUTO_INCREMENT for table `z58_moves_units`
--
ALTER TABLE `z58_moves_units`
  MODIFY `id` int(11) NOT NULL AUTO_INCREMENT, AUTO_INCREMENT=77;
--
-- AUTO_INCREMENT for table `z58_techs`
--
ALTER TABLE `z58_techs`
  MODIFY `id` int(11) NOT NULL AUTO_INCREMENT;
--
-- AUTO_INCREMENT for table `z58_traderoutes`
--
ALTER TABLE `z58_traderoutes`
  MODIFY `id` int(11) NOT NULL AUTO_INCREMENT;
--
-- AUTO_INCREMENT for table `z58_units`
--
ALTER TABLE `z58_units`
  MODIFY `id` int(11) NOT NULL AUTO_INCREMENT, AUTO_INCREMENT=1953;
--
-- AUTO_INCREMENT for table `z_areas`
--
ALTER TABLE `z_areas`
  MODIFY `id` int(11) NOT NULL AUTO_INCREMENT;
--
-- AUTO_INCREMENT for table `z_battle_reports`
--
ALTER TABLE `z_battle_reports`
  MODIFY `id` int(11) NOT NULL AUTO_INCREMENT;
--
-- AUTO_INCREMENT for table `z_battle_reports_units`
--
ALTER TABLE `z_battle_reports_units`
  MODIFY `id` int(11) NOT NULL AUTO_INCREMENT;
--
-- AUTO_INCREMENT for table `z_battle_reports_user`
--
ALTER TABLE `z_battle_reports_user`
  MODIFY `id` int(11) NOT NULL AUTO_INCREMENT;
--
-- AUTO_INCREMENT for table `z_moves`
--
ALTER TABLE `z_moves`
  MODIFY `id` int(11) NOT NULL AUTO_INCREMENT;
--
-- AUTO_INCREMENT for table `z_moves_areas`
--
ALTER TABLE `z_moves_areas`
  MODIFY `id` int(11) NOT NULL AUTO_INCREMENT;
--
-- AUTO_INCREMENT for table `z_moves_units`
--
ALTER TABLE `z_moves_units`
  MODIFY `id` int(11) NOT NULL AUTO_INCREMENT;
--
-- AUTO_INCREMENT for table `z_techs`
--
ALTER TABLE `z_techs`
  MODIFY `id` int(11) NOT NULL AUTO_INCREMENT;
--
-- AUTO_INCREMENT for table `z_traderoutes`
--
ALTER TABLE `z_traderoutes`
  MODIFY `id` int(11) NOT NULL AUTO_INCREMENT;
--
-- AUTO_INCREMENT for table `z_units`
--
ALTER TABLE `z_units`
  MODIFY `id` int(11) NOT NULL AUTO_INCREMENT;
/*!40101 SET CHARACTER_SET_CLIENT=@OLD_CHARACTER_SET_CLIENT */;
/*!40101 SET CHARACTER_SET_RESULTS=@OLD_CHARACTER_SET_RESULTS */;
/*!40101 SET COLLATION_CONNECTION=@OLD_COLLATION_CONNECTION */;
